{
  "game": [
    {
      "id": "currentGame",
      "players": [
        {
          "name": "郑方庆",
          "number": "0",
          "team": "黑队",
          "isPlaying": false,
          "currentTime": 0,
          "totalTime": 1771.0149999999999,
          "score": 4,
          "fouls": 3,
          "plusMinus": -11,
          "presetId": 1
        },
        {
          "name": "晓涛",
          "number": "00",
          "team": "红队",
          "isPlaying": true,
          "currentTime": 1240.0079999999996,
          "totalTime": 2057.003,
          "score": 7,
          "fouls": 3,
          "plusMinus": 10,
          "presetId": 2
        },
        {
          "name": "文灏",
          "number": "2",
          "team": "红队",
          "isPlaying": false,
          "currentTime": 0,
          "totalTime": 2604.9940000000006,
          "score": 6,
          "fouls": 1,
          "plusMinus": 2,
          "presetId": 4
        },
        {
          "name": "爱文",
          "number": "5",
          "team": "红队",
          "isPlaying": true,
          "currentTime": 1240.0079999999996,
          "totalTime": 1869.9930000000002,
          "score": 18,
          "fouls": 0,
          "plusMinus": 20,
          "presetId": 6
        },
        {
          "name": "诗胜",
          "number": "6",
          "team": "黑队",
          "isPlaying": true,
          "currentTime": 111.00099999999998,
          "totalTime": 3487.005,
          "score": 28,
          "fouls": 2,
          "plusMinus": 9,
          "presetId": 7
        },
        {
          "name": "庆敏",
          "number": "8",
          "team": "黑队",
          "isPlaying": true,
          "currentTime": 544.003,
          "totalTime": 2610.9950000000003,
          "score": 18,
          "fouls": 3,
          "plusMinus": -4,
          "presetId": 9
        },
        {
          "name": "祝程",
          "number": "10",
          "team": "红队",
          "isPlaying": true,
          "currentTime": 1240.0079999999996,
          "totalTime": 2599.997,
          "score": 32,
          "fouls": 2,
          "plusMinus": 14,
          "presetId": 11
        },
        {
          "name": "林铎",
          "number": "11",
          "team": "黑队",
          "isPlaying": false,
          "currentTime": 0,
          "totalTime": 1890.0029999999997,
          "score": 6,
          "fouls": 3,
          "plusMinus": -11,
          "presetId": 12
        },
        {
          "name": "志滨",
          "number": "13",
          "team": "黑队",
          "isPlaying": true,
          "currentTime": 415.0010000000001,
          "totalTime": 1323.0079999999998,
          "score": 6,
          "fouls": 1,
          "plusMinus": 1,
          "presetId": 13
        },
        {
          "name": "伟国",
          "number": "15",
          "team": "红队",
          "isPlaying": true,
          "currentTime": 1240.0079999999996,
          "totalTime": 1784.0150000000003,
          "score": 11,
          "fouls": 3,
          "plusMinus": 7,
          "presetId": 14
        },
        {
          "name": "锐斌",
          "number": "20",
          "team": "黑队",
          "isPlaying": true,
          "currentTime": 1240.0079999999996,
          "totalTime": 1973.0020000000004,
          "score": 12,
          "fouls": 5,
          "plusMinus": -10,
          "presetId": 16
        },
        {
          "name": "郁涛",
          "number": "30",
          "team": "黑队",
          "isPlaying": false,
          "currentTime": 0,
          "totalTime": 2012.9970000000003,
          "score": 8,
          "fouls": 1,
          "plusMinus": -4,
          "presetId": 19
        },
        {
          "name": "屹剑",
          "number": "33",
          "team": "黑队",
          "isPlaying": true,
          "currentTime": 544.003,
          "totalTime": 2890.001,
          "score": 18,
          "fouls": 3,
          "plusMinus": -4,
          "presetId": 21
        },
        {
          "name": "张铖",
          "number": "34",
          "team": "黑队",
          "isPlaying": false,
          "currentTime": 0,
          "totalTime": 2275.0049999999997,
          "score": 4,
          "fouls": 3,
          "plusMinus": -12,
          "presetId": 22
        },
        {
          "name": "桂亮",
          "number": "35",
          "team": "红队",
          "isPlaying": true,
          "currentTime": 1240.0079999999996,
          "totalTime": 1984.9920000000002,
          "score": 23,
          "fouls": 3,
          "plusMinus": 10,
          "presetId": 23
        },
        {
          "name": "🐶哥",
          "number": "96",
          "team": "红队",
          "isPlaying": false,
          "currentTime": 0,
          "totalTime": 2124.0150000000003,
          "score": 12,
          "fouls": 0,
          "plusMinus": -2,
          "presetId": 26
        },
        {
          "name": "佳鑫",
          "number": "99",
          "team": "红队",
          "isPlaying": false,
          "currentTime": 0,
          "totalTime": 2585.0080000000003,
          "score": 4,
          "fouls": 2,
          "plusMinus": 3
        },
        {
          "name": "廖程",
          "number": "88",
          "team": "红队",
          "isPlaying": false,
          "currentTime": 0,
          "totalTime": 2509.0130000000004,
          "score": 8,
          "fouls": 4,
          "plusMinus": -9
        },
        {
          "name": "闺蜜",
          "number": "29",
          "team": "黑队",
          "isPlaying": false,
          "currentTime": 0,
          "totalTime": 3223.0199999999995,
          "score": 6,
          "fouls": 0,
          "plusMinus": -9
        }
      ],
      "isGameRunning": false,
      "currentPeriod": 4,
      "teamScores": {
        "红队": 121,
        "黑队": 110
      },
      "teamFouls": {
        "红队": {
          "1": 1,
          "2": 8,
          "3": 7,
          "4": 2
        },
        "黑队": {
          "1": 5,
          "2": 6,
          "3": 8,
          "4": 5
        }
      },
      "lastUpdateTime": null,
      "gameStartTime": 1753702948806
    }
  ],
  "details": [
    {
      "timestamp": 1753701501191,
      "period": 1,
      "gameTime": 0,
      "type": "player-add",
      "team": "黑队",
      "player": "郑方庆",
      "number": "0",
      "value": null
    },
    {
      "timestamp": 1753701504072,
      "period": 1,
      "gameTime": 0,
      "type": "player-add",
      "team": "红队",
      "player": "晓涛",
      "number": "00",
      "value": null
    },
    {
      "timestamp": 1753701506221,
      "period": 1,
      "gameTime": 0,
      "type": "player-add",
      "team": "红队",
      "player": "文灏",
      "number": "2",
      "value": null
    },
    {
      "timestamp": 1753701509523,
      "period": 1,
      "gameTime": 0,
      "type": "player-add",
      "team": "红队",
      "player": "爱文",
      "number": "5",
      "value": null
    },
    {
      "timestamp": 1753701512207,
      "period": 1,
      "gameTime": 0,
      "type": "player-add",
      "team": "黑队",
      "player": "诗胜",
      "number": "6",
      "value": null
    },
    {
      "timestamp": 1753701514088,
      "period": 1,
      "gameTime": 0,
      "type": "player-add",
      "team": "黑队",
      "player": "庆敏",
      "number": "8",
      "value": null
    },
    {
      "timestamp": 1753701516538,
      "period": 1,
      "gameTime": 0,
      "type": "player-add",
      "team": "红队",
      "player": "祝程",
      "number": "10",
      "value": null
    },
    {
      "timestamp": 1753701519506,
      "period": 1,
      "gameTime": 0,
      "type": "player-add",
      "team": "黑队",
      "player": "林铎",
      "number": "11",
      "value": null
    },
    {
      "timestamp": 1753701520907,
      "period": 1,
      "gameTime": 0,
      "type": "player-add",
      "team": "黑队",
      "player": "志滨",
      "number": "13",
      "value": null
    },
    {
      "timestamp": 1753701521990,
      "period": 1,
      "gameTime": 0,
      "type": "player-add",
      "team": "红队",
      "player": "伟国",
      "number": "15",
      "value": null
    },
    {
      "timestamp": 1753701523806,
      "period": 1,
      "gameTime": 0,
      "type": "player-add",
      "team": "黑队",
      "player": "锐斌",
      "number": "20",
      "value": null
    },
    {
      "timestamp": 1753701526990,
      "period": 1,
      "gameTime": 0,
      "type": "player-add",
      "team": "黑队",
      "player": "郁涛",
      "number": "30",
      "value": null
    },
    {
      "timestamp": 1753701528770,
      "period": 1,
      "gameTime": 0,
      "type": "player-add",
      "team": "黑队",
      "player": "屹剑",
      "number": "33",
      "value": null
    },
    {
      "timestamp": 1753701531172,
      "period": 1,
      "gameTime": 0,
      "type": "player-add",
      "team": "黑队",
      "player": "张铖",
      "number": "34",
      "value": null
    },
    {
      "timestamp": 1753701532289,
      "period": 1,
      "gameTime": 0,
      "type": "player-add",
      "team": "红队",
      "player": "桂亮",
      "number": "35",
      "value": null
    },
    {
      "timestamp": 1753701534690,
      "period": 1,
      "gameTime": 0,
      "type": "player-add",
      "team": "红队",
      "player": "🐶哥",
      "number": "96",
      "value": null
    },
    {
      "timestamp": 1753701560491,
      "period": 1,
      "gameTime": 0,
      "type": "player-add",
      "team": "红队",
      "player": "佳鑫",
      "number": "99",
      "value": null
    },
    {
      "timestamp": 1753701570398,
      "period": 1,
      "gameTime": 0,
      "type": "player-add",
      "team": "红队",
      "player": "廖程",
      "number": "88",
      "value": null
    },
    {
      "timestamp": 1753701582474,
      "period": 1,
      "gameTime": 0,
      "type": "sub-in",
      "team": "黑队",
      "player": "庆敏",
      "number": "8",
      "value": null
    },
    {
      "timestamp": 1753701584061,
      "period": 1,
      "gameTime": 0,
      "type": "sub-in",
      "team": "黑队",
      "player": "林铎",
      "number": "11",
      "value": null
    },
    {
      "timestamp": 1753701587839,
      "period": 1,
      "gameTime": 0,
      "type": "sub-in",
      "team": "黑队",
      "player": "屹剑",
      "number": "33",
      "value": null
    },
    {
      "timestamp": 1753702771224,
      "period": 1,
      "gameTime": 0,
      "type": "sub-in",
      "team": "黑队",
      "player": "诗胜",
      "number": "6",
      "value": null
    },
    {
      "timestamp": 1753702773474,
      "period": 1,
      "gameTime": 0,
      "type": "sub-in",
      "team": "黑队",
      "player": "张铖",
      "number": "34",
      "value": null
    },
    {
      "timestamp": 1753702813995,
      "period": 1,
      "gameTime": 0,
      "type": "sub-in",
      "team": "红队",
      "player": "爱文",
      "number": "5",
      "value": null
    },
    {
      "timestamp": 1753702815039,
      "period": 1,
      "gameTime": 0,
      "type": "sub-in",
      "team": "红队",
      "player": "文灏",
      "number": "2",
      "value": null
    },
    {
      "timestamp": 1753702817358,
      "period": 1,
      "gameTime": 0,
      "type": "sub-in",
      "team": "红队",
      "player": "祝程",
      "number": "10",
      "value": null
    },
    {
      "timestamp": 1753702818306,
      "period": 1,
      "gameTime": 0,
      "type": "sub-in",
      "team": "红队",
      "player": "晓涛",
      "number": "00",
      "value": null
    },
    {
      "timestamp": 1753702824190,
      "period": 1,
      "gameTime": 0,
      "type": "sub-in",
      "team": "红队",
      "player": "桂亮",
      "number": "35",
      "value": null
    },
    {
      "timestamp": 1753702948806,
      "period": 1,
      "gameTime": 0,
      "type": "game-start",
      "team": "",
      "player": "比赛",
      "number": "",
      "value": null
    },
    {
      "timestamp": 1753702952024,
      "period": 1,
      "gameTime": 3,
      "type": "score",
      "team": "黑队",
      "player": "林铎",
      "number": "11",
      "value": 2
    },
    {
      "timestamp": 1753702982340,
      "period": 1,
      "gameTime": 33,
      "type": "foul",
      "team": "黑队",
      "player": "林铎",
      "number": "11",
      "value": 1
    },
    {
      "timestamp": 1753703005889,
      "period": 1,
      "gameTime": 57,
      "type": "foul",
      "team": "黑队",
      "player": "林铎",
      "number": "11",
      "value": 1
    },
    {
      "timestamp": 1753703052423,
      "period": 1,
      "gameTime": 103,
      "type": "score",
      "team": "黑队",
      "player": "屹剑",
      "number": "33",
      "value": 2
    },
    {
      "timestamp": 1753703075873,
      "period": 1,
      "gameTime": 127,
      "type": "score",
      "team": "红队",
      "player": "桂亮",
      "number": "35",
      "value": 3
    },
    {
      "timestamp": 1753703080857,
      "period": 1,
      "gameTime": 132,
      "type": "score",
      "team": "黑队",
      "player": "诗胜",
      "number": "6",
      "value": 2
    },
    {
      "timestamp": 1753703122341,
      "period": 1,
      "gameTime": 173,
      "type": "foul",
      "team": "黑队",
      "player": "诗胜",
      "number": "6",
      "value": 1
    },
    {
      "timestamp": 1753703151640,
      "period": 1,
      "gameTime": 202,
      "type": "score",
      "team": "红队",
      "player": "祝程",
      "number": "10",
      "value": 2
    },
    {
      "timestamp": 1753703187489,
      "period": 1,
      "gameTime": 238,
      "type": "score",
      "team": "黑队",
      "player": "诗胜",
      "number": "6",
      "value": 2
    },
    {
      "timestamp": 1753703237982,
      "period": 1,
      "gameTime": 289,
      "type": "score",
      "team": "黑队",
      "player": "庆敏",
      "number": "8",
      "value": 2
    },
    {
      "timestamp": 1753703254450,
      "period": 1,
      "gameTime": 305,
      "type": "score",
      "team": "红队",
      "player": "文灏",
      "number": "2",
      "value": 2
    },
    {
      "timestamp": 1753703290957,
      "period": 1,
      "gameTime": 342,
      "type": "score",
      "team": "红队",
      "player": "爱文",
      "number": "5",
      "value": 2
    },
    {
      "timestamp": 1753703305873,
      "period": 1,
      "gameTime": 357,
      "type": "score",
      "team": "黑队",
      "player": "屹剑",
      "number": "33",
      "value": 2
    },
    {
      "timestamp": 1753703317854,
      "period": 1,
      "gameTime": 369,
      "type": "score",
      "team": "红队",
      "player": "爱文",
      "number": "5",
      "value": 3
    },
    {
      "timestamp": 1753703339477,
      "period": 1,
      "gameTime": 390,
      "type": "score",
      "team": "红队",
      "player": "祝程",
      "number": "10",
      "value": 2
    },
    {
      "timestamp": 1753703343564,
      "period": 1,
      "gameTime": 394,
      "type": "foul",
      "team": "黑队",
      "player": "屹剑",
      "number": "33",
      "value": 1
    },
    {
      "timestamp": 1753703377851,
      "period": 1,
      "gameTime": 429,
      "type": "foul",
      "team": "黑队",
      "player": "林铎",
      "number": "11",
      "value": 1
    },
    {
      "timestamp": 1753703381300,
      "period": 1,
      "gameTime": 432,
      "type": "score",
      "team": "红队",
      "player": "祝程",
      "number": "10",
      "value": 2
    },
    {
      "timestamp": 1753703392066,
      "period": 1,
      "gameTime": 443,
      "type": "foul",
      "team": "黑队",
      "player": "林铎",
      "number": "11",
      "value": -1
    },
    {
      "timestamp": 1753703395213,
      "period": 1,
      "gameTime": 446,
      "type": "foul",
      "team": "黑队",
      "player": "庆敏",
      "number": "8",
      "value": 1
    },
    {
      "timestamp": 1753703399984,
      "period": 1,
      "gameTime": 451,
      "type": "score",
      "team": "红队",
      "player": "祝程",
      "number": "10",
      "value": 1
    },
    {
      "timestamp": 1753703414423,
      "period": 1,
      "gameTime": 465,
      "type": "sub-out",
      "team": "红队",
      "player": "爱文",
      "number": "5",
      "value": null
    },
    {
      "timestamp": 1753703416214,
      "period": 1,
      "gameTime": 467,
      "type": "sub-in",
      "team": "红队",
      "player": "伟国",
      "number": "15",
      "value": null
    },
    {
      "timestamp": 1753703421047,
      "period": 1,
      "gameTime": 472,
      "type": "sub-out",
      "team": "红队",
      "player": "晓涛",
      "number": "00",
      "value": null
    },
    {
      "timestamp": 1753703423164,
      "period": 1,
      "gameTime": 474,
      "type": "sub-in",
      "team": "红队",
      "player": "🐶哥",
      "number": "96",
      "value": null
    },
    {
      "timestamp": 1753703447501,
      "period": 1,
      "gameTime": 498,
      "type": "score",
      "team": "黑队",
      "player": "林铎",
      "number": "11",
      "value": 2
    },
    {
      "timestamp": 1753703478684,
      "period": 1,
      "gameTime": 529,
      "type": "score",
      "team": "黑队",
      "player": "庆敏",
      "number": "8",
      "value": 2
    },
    {
      "timestamp": 1753703522312,
      "period": 1,
      "gameTime": 573,
      "type": "score",
      "team": "红队",
      "player": "桂亮",
      "number": "35",
      "value": 2
    },
    {
      "timestamp": 1753703548471,
      "period": 1,
      "gameTime": 599,
      "type": "score",
      "team": "黑队",
      "player": "庆敏",
      "number": "8",
      "value": 2
    },
    {
      "timestamp": 1753703614012,
      "period": 1,
      "gameTime": 665,
      "type": "score",
      "team": "黑队",
      "player": "屹剑",
      "number": "33",
      "value": 2
    },
    {
      "timestamp": 1753703664312,
      "period": 1,
      "gameTime": 715,
      "type": "score",
      "team": "红队",
      "player": "祝程",
      "number": "10",
      "value": 2
    },
    {
      "timestamp": 1753703671406,
      "period": 1,
      "gameTime": 0,
      "type": "game-pause",
      "team": "",
      "player": "比赛",
      "number": "",
      "value": null
    },
    {
      "timestamp": 1753703716332,
      "period": 1,
      "gameTime": 0,
      "type": "sub-out",
      "team": "黑队",
      "player": "庆敏",
      "number": "8",
      "value": null
    },
    {
      "timestamp": 1753703720512,
      "period": 1,
      "gameTime": 0,
      "type": "sub-in",
      "team": "黑队",
      "player": "郑方庆",
      "number": "0",
      "value": null
    },
    {
      "timestamp": 1753703729316,
      "period": 1,
      "gameTime": 0,
      "type": "sub-out",
      "team": "红队",
      "player": "桂亮",
      "number": "35",
      "value": null
    },
    {
      "timestamp": 1753703730730,
      "period": 1,
      "gameTime": 0,
      "type": "sub-in",
      "team": "红队",
      "player": "佳鑫",
      "number": "99",
      "value": null
    },
    {
      "timestamp": 1753703739230,
      "period": 1,
      "gameTime": 0,
      "type": "sub-out",
      "team": "红队",
      "player": "文灏",
      "number": "2",
      "value": null
    },
    {
      "timestamp": 1753703740563,
      "period": 1,
      "gameTime": 0,
      "type": "sub-in",
      "team": "红队",
      "player": "爱文",
      "number": "5",
      "value": null
    },
    {
      "timestamp": 1753703743566,
      "period": 1,
      "gameTime": 0,
      "type": "sub-out",
      "team": "黑队",
      "player": "诗胜",
      "number": "6",
      "value": null
    },
    {
      "timestamp": 1753703745263,
      "period": 1,
      "gameTime": 0,
      "type": "sub-in",
      "team": "黑队",
      "player": "郁涛",
      "number": "30",
      "value": null
    },
    {
      "timestamp": 1753703787414,
      "period": 1,
      "gameTime": 838,
      "type": "game-start",
      "team": "",
      "player": "比赛",
      "number": "",
      "value": null
    },
    {
      "timestamp": 1753703791126,
      "period": 1,
      "gameTime": 842,
      "type": "score",
      "team": "红队",
      "player": "伟国",
      "number": "15",
      "value": 2
    },
    {
      "timestamp": 1753703797845,
      "period": 1,
      "gameTime": 849,
      "type": "score",
      "team": "黑队",
      "player": "屹剑",
      "number": "33",
      "value": 2
    },
    {
      "timestamp": 1753703803381,
      "period": 1,
      "gameTime": 854,
      "type": "score",
      "team": "黑队",
      "player": "张铖",
      "number": "34",
      "value": 2
    },
    {
      "timestamp": 1753703812130,
      "period": 1,
      "gameTime": 863,
      "type": "score",
      "team": "红队",
      "player": "🐶哥",
      "number": "96",
      "value": 2
    },
    {
      "timestamp": 1753703839149,
      "period": 1,
      "gameTime": 890,
      "type": "score",
      "team": "红队",
      "player": "伟国",
      "number": "15",
      "value": 2
    },
    {
      "timestamp": 1753703891799,
      "period": 1,
      "gameTime": 942,
      "type": "score",
      "team": "红队",
      "player": "🐶哥",
      "number": "96",
      "value": 2
    },
    {
      "timestamp": 1753703917781,
      "period": 1,
      "gameTime": 968,
      "type": "score",
      "team": "红队",
      "player": "爱文",
      "number": "5",
      "value": 2
    },
    {
      "timestamp": 1753703923462,
      "period": 1,
      "gameTime": 0,
      "type": "game-pause",
      "team": "",
      "player": "比赛",
      "number": "",
      "value": null
    },
    {
      "timestamp": 1753704049548,
      "period": 1,
      "gameTime": 0,
      "type": "sub-out",
      "team": "红队",
      "player": "祝程",
      "number": "10",
      "value": null
    },
    {
      "timestamp": 1753704051147,
      "period": 1,
      "gameTime": 0,
      "type": "sub-out",
      "team": "红队",
      "player": "爱文",
      "number": "5",
      "value": null
    },
    {
      "timestamp": 1753704053847,
      "period": 1,
      "gameTime": 0,
      "type": "sub-out",
      "team": "黑队",
      "player": "林铎",
      "number": "11",
      "value": null
    },
    {
      "timestamp": 1753704056098,
      "period": 1,
      "gameTime": 0,
      "type": "sub-out",
      "team": "黑队",
      "player": "张铖",
      "number": "34",
      "value": null
    },
    {
      "timestamp": 1753704060163,
      "period": 1,
      "gameTime": 0,
      "type": "sub-in",
      "team": "红队",
      "player": "晓涛",
      "number": "00",
      "value": null
    },
    {
      "timestamp": 1753704072130,
      "period": 1,
      "gameTime": 0,
      "type": "sub-in",
      "team": "红队",
      "player": "廖程",
      "number": "88",
      "value": null
    },
    {
      "timestamp": 1753704077283,
      "period": 1,
      "gameTime": 0,
      "type": "sub-in",
      "team": "黑队",
      "player": "诗胜",
      "number": "6",
      "value": null
    },
    {
      "timestamp": 1753704110220,
      "period": 1,
      "gameTime": 0,
      "type": "player-add",
      "team": "黑队",
      "player": "闺蜜",
      "number": "29",
      "value": null
    },
    {
      "timestamp": 1753704116497,
      "period": 1,
      "gameTime": 0,
      "type": "sub-in",
      "team": "黑队",
      "player": "闺蜜",
      "number": "29",
      "value": null
    },
    {
      "timestamp": 1753704117598,
      "period": 1,
      "gameTime": 1168,
      "type": "game-start",
      "team": "",
      "player": "比赛",
      "number": "",
      "value": null
    },
    {
      "timestamp": 1753704171315,
      "period": 1,
      "gameTime": 1222,
      "type": "score",
      "team": "黑队",
      "player": "诗胜",
      "number": "6",
      "value": 2
    },
    {
      "timestamp": 1753704220215,
      "period": 1,
      "gameTime": 1271,
      "type": "score",
      "team": "红队",
      "player": "伟国",
      "number": "15",
      "value": 2
    },
    {
      "timestamp": 1753704238549,
      "period": 1,
      "gameTime": 1289,
      "type": "score",
      "team": "黑队",
      "player": "屹剑",
      "number": "33",
      "value": 2
    },
    {
      "timestamp": 1753704251347,
      "period": 1,
      "gameTime": 1302,
      "type": "score",
      "team": "红队",
      "player": "🐶哥",
      "number": "96",
      "value": 2
    },
    {
      "timestamp": 1753704388138,
      "period": 1,
      "gameTime": 1439,
      "type": "score",
      "team": "黑队",
      "player": "郁涛",
      "number": "30",
      "value": 2
    },
    {
      "timestamp": 1753704412666,
      "period": 1,
      "gameTime": 1463,
      "type": "score",
      "team": "黑队",
      "player": "闺蜜",
      "number": "29",
      "value": 2
    },
    {
      "timestamp": 1753704466532,
      "period": 1,
      "gameTime": 1517,
      "type": "score",
      "team": "红队",
      "player": "廖程",
      "number": "88",
      "value": 2
    },
    {
      "timestamp": 1753704481364,
      "period": 1,
      "gameTime": 1532,
      "type": "foul",
      "team": "红队",
      "player": "廖程",
      "number": "88",
      "value": 1
    },
    {
      "timestamp": 1753704493038,
      "period": 2,
      "gameTime": 1544,
      "type": "period-change",
      "team": "",
      "player": "",
      "number": "",
      "value": 2
    },
    {
      "timestamp": 1753704500456,
      "period": 2,
      "gameTime": 1551,
      "type": "foul",
      "team": "红队",
      "player": "廖程",
      "number": "88",
      "value": 1
    },
    {
      "timestamp": 1753704505482,
      "period": 2,
      "gameTime": 1556,
      "type": "score",
      "team": "红队",
      "player": "🐶哥",
      "number": "96",
      "value": 2
    },
    {
      "timestamp": 1753704537000,
      "period": 2,
      "gameTime": 1588,
      "type": "foul",
      "team": "红队",
      "player": "伟国",
      "number": "15",
      "value": 1
    },
    {
      "timestamp": 1753704540893,
      "period": 2,
      "gameTime": 1592,
      "type": "score",
      "team": "黑队",
      "player": "诗胜",
      "number": "6",
      "value": 1
    },
    {
      "timestamp": 1753704550065,
      "period": 2,
      "gameTime": 1601,
      "type": "score",
      "team": "黑队",
      "player": "诗胜",
      "number": "6",
      "value": 1
    },
    {
      "timestamp": 1753704569048,
      "period": 2,
      "gameTime": 1620,
      "type": "foul",
      "team": "黑队",
      "player": "郑方庆",
      "number": "0",
      "value": 1
    },
    {
      "timestamp": 1753704609381,
      "period": 2,
      "gameTime": 1660,
      "type": "foul",
      "team": "黑队",
      "player": "诗胜",
      "number": "6",
      "value": 1
    },
    {
      "timestamp": 1753704661897,
      "period": 2,
      "gameTime": 1713,
      "type": "score",
      "team": "黑队",
      "player": "闺蜜",
      "number": "29",
      "value": 2
    },
    {
      "timestamp": 1753704668834,
      "period": 2,
      "gameTime": 1720,
      "type": "foul",
      "team": "红队",
      "player": "伟国",
      "number": "15",
      "value": 1
    },
    {
      "timestamp": 1753704673198,
      "period": 2,
      "gameTime": 1724,
      "type": "sub-out",
      "team": "黑队",
      "player": "郑方庆",
      "number": "0",
      "value": null
    },
    {
      "timestamp": 1753704674567,
      "period": 2,
      "gameTime": 1725,
      "type": "sub-out",
      "team": "红队",
      "player": "伟国",
      "number": "15",
      "value": null
    },
    {
      "timestamp": 1753704677784,
      "period": 2,
      "gameTime": 1728,
      "type": "sub-in",
      "team": "黑队",
      "player": "庆敏",
      "number": "8",
      "value": null
    },
    {
      "timestamp": 1753704684282,
      "period": 2,
      "gameTime": 1735,
      "type": "sub-in",
      "team": "红队",
      "player": "文灏",
      "number": "2",
      "value": null
    },
    {
      "timestamp": 1753704692518,
      "period": 2,
      "gameTime": 1743,
      "type": "sub-out",
      "team": "黑队",
      "player": "屹剑",
      "number": "33",
      "value": null
    },
    {
      "timestamp": 1753704693164,
      "period": 2,
      "gameTime": 1744,
      "type": "sub-in",
      "team": "黑队",
      "player": "锐斌",
      "number": "20",
      "value": null
    },
    {
      "timestamp": 1753704720984,
      "period": 2,
      "gameTime": 1772,
      "type": "score",
      "team": "红队",
      "player": "佳鑫",
      "number": "99",
      "value": 2
    },
    {
      "timestamp": 1753704738665,
      "period": 2,
      "gameTime": 1789,
      "type": "foul",
      "team": "黑队",
      "player": "锐斌",
      "number": "20",
      "value": 1
    },
    {
      "timestamp": 1753704749732,
      "period": 2,
      "gameTime": 1800,
      "type": "score",
      "team": "红队",
      "player": "晓涛",
      "number": "00",
      "value": 1
    },
    {
      "timestamp": 1753704756283,
      "period": 2,
      "gameTime": 1807,
      "type": "score",
      "team": "红队",
      "player": "晓涛",
      "number": "00",
      "value": 1
    },
    {
      "timestamp": 1753704805033,
      "period": 2,
      "gameTime": 1856,
      "type": "score",
      "team": "黑队",
      "player": "诗胜",
      "number": "6",
      "value": 1
    },
    {
      "timestamp": 1753704838766,
      "period": 2,
      "gameTime": 1889,
      "type": "score",
      "team": "红队",
      "player": "佳鑫",
      "number": "99",
      "value": 2
    },
    {
      "timestamp": 1753704861052,
      "period": 2,
      "gameTime": 1912,
      "type": "score",
      "team": "黑队",
      "player": "郁涛",
      "number": "30",
      "value": 2
    },
    {
      "timestamp": 1753704922634,
      "period": 2,
      "gameTime": 1973,
      "type": "sub-out",
      "team": "红队",
      "player": "🐶哥",
      "number": "96",
      "value": null
    },
    {
      "timestamp": 1753704924450,
      "period": 2,
      "gameTime": 1975,
      "type": "sub-in",
      "team": "红队",
      "player": "祝程",
      "number": "10",
      "value": null
    },
    {
      "timestamp": 1753704935998,
      "period": 2,
      "gameTime": 1987,
      "type": "score",
      "team": "红队",
      "player": "晓涛",
      "number": "00",
      "value": 1
    },
    {
      "timestamp": 1753704960168,
      "period": 2,
      "gameTime": 2011,
      "type": "score",
      "team": "黑队",
      "player": "郁涛",
      "number": "30",
      "value": 2
    },
    {
      "timestamp": 1753704989335,
      "period": 2,
      "gameTime": 2040,
      "type": "score",
      "team": "红队",
      "player": "祝程",
      "number": "10",
      "value": 2
    },
    {
      "timestamp": 1753705002818,
      "period": 2,
      "gameTime": 2054,
      "type": "score",
      "team": "黑队",
      "player": "诗胜",
      "number": "6",
      "value": 2
    },
    {
      "timestamp": 1753705031549,
      "period": 2,
      "gameTime": 2082,
      "type": "score",
      "team": "红队",
      "player": "文灏",
      "number": "2",
      "value": 2
    },
    {
      "timestamp": 1753705042408,
      "period": 2,
      "gameTime": 2093,
      "type": "score",
      "team": "黑队",
      "player": "庆敏",
      "number": "8",
      "value": 2
    },
    {
      "timestamp": 1753705081583,
      "period": 2,
      "gameTime": 2132,
      "type": "sub-out",
      "team": "红队",
      "player": "晓涛",
      "number": "00",
      "value": null
    },
    {
      "timestamp": 1753705083902,
      "period": 2,
      "gameTime": 2135,
      "type": "sub-in",
      "team": "红队",
      "player": "爱文",
      "number": "5",
      "value": null
    },
    {
      "timestamp": 1753705088468,
      "period": 2,
      "gameTime": 2139,
      "type": "sub-out",
      "team": "红队",
      "player": "廖程",
      "number": "88",
      "value": null
    },
    {
      "timestamp": 1753705089930,
      "period": 2,
      "gameTime": 2141,
      "type": "sub-in",
      "team": "红队",
      "player": "桂亮",
      "number": "35",
      "value": null
    },
    {
      "timestamp": 1753705107135,
      "period": 2,
      "gameTime": 2158,
      "type": "sub-out",
      "team": "黑队",
      "player": "闺蜜",
      "number": "29",
      "value": null
    },
    {
      "timestamp": 1753705108885,
      "period": 2,
      "gameTime": 2160,
      "type": "sub-in",
      "team": "黑队",
      "player": "屹剑",
      "number": "33",
      "value": null
    },
    {
      "timestamp": 1753705125715,
      "period": 2,
      "gameTime": 2176,
      "type": "score",
      "team": "黑队",
      "player": "庆敏",
      "number": "8",
      "value": 1
    },
    {
      "timestamp": 1753705126448,
      "period": 2,
      "gameTime": 2177,
      "type": "score",
      "team": "黑队",
      "player": "庆敏",
      "number": "8",
      "value": 1
    },
    {
      "timestamp": 1753705152833,
      "period": 2,
      "gameTime": 2204,
      "type": "foul",
      "team": "黑队",
      "player": "郁涛",
      "number": "30",
      "value": 1
    },
    {
      "timestamp": 1753705223708,
      "period": 2,
      "gameTime": 2274,
      "type": "score",
      "team": "红队",
      "player": "祝程",
      "number": "10",
      "value": 2
    },
    {
      "timestamp": 1753705234776,
      "period": 2,
      "gameTime": 2285,
      "type": "foul",
      "team": "黑队",
      "player": "屹剑",
      "number": "33",
      "value": 1
    },
    {
      "timestamp": 1753705243159,
      "period": 2,
      "gameTime": 2294,
      "type": "score",
      "team": "红队",
      "player": "祝程",
      "number": "10",
      "value": 1
    },
    {
      "timestamp": 1753705267575,
      "period": 2,
      "gameTime": 2318,
      "type": "foul",
      "team": "红队",
      "player": "佳鑫",
      "number": "99",
      "value": 1
    },
    {
      "timestamp": 1753705309508,
      "period": 2,
      "gameTime": 2360,
      "type": "score",
      "team": "黑队",
      "player": "诗胜",
      "number": "6",
      "value": 2
    },
    {
      "timestamp": 1753705323956,
      "period": 2,
      "gameTime": 2375,
      "type": "score",
      "team": "红队",
      "player": "桂亮",
      "number": "35",
      "value": 2
    },
    {
      "timestamp": 1753705348423,
      "period": 2,
      "gameTime": 2399,
      "type": "foul",
      "team": "红队",
      "player": "桂亮",
      "number": "35",
      "value": 1
    },
    {
      "timestamp": 1753705359112,
      "period": 2,
      "gameTime": 2410,
      "type": "sub-out",
      "team": "黑队",
      "player": "诗胜",
      "number": "6",
      "value": null
    },
    {
      "timestamp": 1753705361126,
      "period": 2,
      "gameTime": 2412,
      "type": "sub-in",
      "team": "黑队",
      "player": "林铎",
      "number": "11",
      "value": null
    },
    {
      "timestamp": 1753705377940,
      "period": 2,
      "gameTime": 2429,
      "type": "score",
      "team": "黑队",
      "player": "庆敏",
      "number": "8",
      "value": 1
    },
    {
      "timestamp": 1753705406909,
      "period": 2,
      "gameTime": 2458,
      "type": "foul",
      "team": "黑队",
      "player": "庆敏",
      "number": "8",
      "value": 1
    },
    {
      "timestamp": 1753705423110,
      "period": 2,
      "gameTime": 2474,
      "type": "score",
      "team": "红队",
      "player": "文灏",
      "number": "2",
      "value": 1
    },
    {
      "timestamp": 1753705484592,
      "period": 2,
      "gameTime": 2535,
      "type": "score",
      "team": "黑队",
      "player": "林铎",
      "number": "11",
      "value": 2
    },
    {
      "timestamp": 1753705534310,
      "period": 2,
      "gameTime": 2585,
      "type": "foul",
      "team": "红队",
      "player": "文灏",
      "number": "2",
      "value": 1
    },
    {
      "timestamp": 1753705569691,
      "period": 2,
      "gameTime": 2620,
      "type": "score",
      "team": "黑队",
      "player": "屹剑",
      "number": "33",
      "value": 2
    },
    {
      "timestamp": 1753705587826,
      "period": 2,
      "gameTime": 2639,
      "type": "score",
      "team": "红队",
      "player": "桂亮",
      "number": "35",
      "value": 3
    },
    {
      "timestamp": 1753705629745,
      "period": 2,
      "gameTime": 2680,
      "type": "score",
      "team": "红队",
      "player": "爱文",
      "number": "5",
      "value": 2
    },
    {
      "timestamp": 1753705632059,
      "period": 2,
      "gameTime": 0,
      "type": "game-pause",
      "team": "",
      "player": "比赛",
      "number": "",
      "value": null
    },
    {
      "timestamp": 1753705705424,
      "period": 2,
      "gameTime": 0,
      "type": "sub-out",
      "team": "黑队",
      "player": "庆敏",
      "number": "8",
      "value": null
    },
    {
      "timestamp": 1753705710543,
      "period": 2,
      "gameTime": 0,
      "type": "sub-out",
      "team": "黑队",
      "player": "屹剑",
      "number": "33",
      "value": null
    },
    {
      "timestamp": 1753705739575,
      "period": 2,
      "gameTime": 0,
      "type": "sub-in",
      "team": "黑队",
      "player": "闺蜜",
      "number": "29",
      "value": null
    },
    {
      "timestamp": 1753705748807,
      "period": 2,
      "gameTime": 0,
      "type": "sub-in",
      "team": "黑队",
      "player": "诗胜",
      "number": "6",
      "value": null
    },
    {
      "timestamp": 1753705892925,
      "period": 2,
      "gameTime": 0,
      "type": "sub-out",
      "team": "黑队",
      "player": "郁涛",
      "number": "30",
      "value": null
    },
    {
      "timestamp": 1753705897760,
      "period": 2,
      "gameTime": 0,
      "type": "sub-in",
      "team": "黑队",
      "player": "张铖",
      "number": "34",
      "value": null
    },
    {
      "timestamp": 1753705908078,
      "period": 2,
      "gameTime": 0,
      "type": "sub-out",
      "team": "红队",
      "player": "爱文",
      "number": "5",
      "value": null
    },
    {
      "timestamp": 1753705909276,
      "period": 2,
      "gameTime": 0,
      "type": "sub-in",
      "team": "红队",
      "player": "伟国",
      "number": "15",
      "value": null
    },
    {
      "timestamp": 1753705916527,
      "period": 2,
      "gameTime": 0,
      "type": "sub-out",
      "team": "红队",
      "player": "文灏",
      "number": "2",
      "value": null
    },
    {
      "timestamp": 1753705919610,
      "period": 2,
      "gameTime": 0,
      "type": "sub-out",
      "team": "红队",
      "player": "佳鑫",
      "number": "99",
      "value": null
    },
    {
      "timestamp": 1753705948525,
      "period": 2,
      "gameTime": 0,
      "type": "sub-in",
      "team": "红队",
      "player": "爱文",
      "number": "5",
      "value": null
    },
    {
      "timestamp": 1753705953167,
      "period": 2,
      "gameTime": 0,
      "type": "sub-in",
      "team": "红队",
      "player": "廖程",
      "number": "88",
      "value": null
    },
    {
      "timestamp": 1753705956761,
      "period": 2,
      "gameTime": 3007,
      "type": "game-start",
      "team": "",
      "player": "比赛",
      "number": "",
      "value": null
    },
    {
      "timestamp": 1753705964778,
      "period": 2,
      "gameTime": 3015,
      "type": "score",
      "team": "红队",
      "player": "桂亮",
      "number": "35",
      "value": 2
    },
    {
      "timestamp": 1753705994992,
      "period": 2,
      "gameTime": 3046,
      "type": "score",
      "team": "红队",
      "player": "伟国",
      "number": "15",
      "value": 2
    },
    {
      "timestamp": 1753706016779,
      "period": 2,
      "gameTime": 3067,
      "type": "score",
      "team": "红队",
      "player": "祝程",
      "number": "10",
      "value": 2
    },
    {
      "timestamp": 1753706066957,
      "period": 2,
      "gameTime": 3118,
      "type": "foul",
      "team": "红队",
      "player": "祝程",
      "number": "10",
      "value": 1
    },
    {
      "timestamp": 1753706117632,
      "period": 2,
      "gameTime": 3168,
      "type": "score",
      "team": "黑队",
      "player": "诗胜",
      "number": "6",
      "value": 2
    },
    {
      "timestamp": 1753706161748,
      "period": 2,
      "gameTime": 3212,
      "type": "score",
      "team": "黑队",
      "player": "诗胜",
      "number": "6",
      "value": 2
    },
    {
      "timestamp": 1753706207094,
      "period": 2,
      "gameTime": 3258,
      "type": "foul",
      "team": "红队",
      "player": "廖程",
      "number": "88",
      "value": 1
    },
    {
      "timestamp": 1753706212343,
      "period": 3,
      "gameTime": 3263,
      "type": "period-change",
      "team": "",
      "player": "",
      "number": "",
      "value": 3
    },
    {
      "timestamp": 1753706276526,
      "period": 3,
      "gameTime": 3327,
      "type": "foul",
      "team": "黑队",
      "player": "锐斌",
      "number": "20",
      "value": 1
    },
    {
      "timestamp": 1753706296247,
      "period": 3,
      "gameTime": 3347,
      "type": "score",
      "team": "红队",
      "player": "桂亮",
      "number": "35",
      "value": 3
    },
    {
      "timestamp": 1753706318777,
      "period": 3,
      "gameTime": 3369,
      "type": "score",
      "team": "黑队",
      "player": "锐斌",
      "number": "20",
      "value": 3
    },
    {
      "timestamp": 1753706365593,
      "period": 3,
      "gameTime": 3416,
      "type": "score",
      "team": "黑队",
      "player": "锐斌",
      "number": "20",
      "value": 2
    },
    {
      "timestamp": 1753706388125,
      "period": 3,
      "gameTime": 3439,
      "type": "foul",
      "team": "黑队",
      "player": "林铎",
      "number": "11",
      "value": 1
    },
    {
      "timestamp": 1753706410210,
      "period": 3,
      "gameTime": 3461,
      "type": "sub-out",
      "team": "黑队",
      "player": "林铎",
      "number": "11",
      "value": null
    },
    {
      "timestamp": 1753706421124,
      "period": 3,
      "gameTime": 3472,
      "type": "sub-in",
      "team": "黑队",
      "player": "郑方庆",
      "number": "0",
      "value": null
    },
    {
      "timestamp": 1753706438142,
      "period": 3,
      "gameTime": 3489,
      "type": "foul",
      "team": "黑队",
      "player": "郑方庆",
      "number": "0",
      "value": 1
    },
    {
      "timestamp": 1753706445509,
      "period": 3,
      "gameTime": 3496,
      "type": "score",
      "team": "红队",
      "player": "爱文",
      "number": "5",
      "value": 1
    },
    {
      "timestamp": 1753706458947,
      "period": 3,
      "gameTime": 3510,
      "type": "score",
      "team": "红队",
      "player": "伟国",
      "number": "15",
      "value": 1
    },
    {
      "timestamp": 1753706499562,
      "period": 3,
      "gameTime": 3550,
      "type": "foul",
      "team": "红队",
      "player": "桂亮",
      "number": "35",
      "value": 1
    },
    {
      "timestamp": 1753706522977,
      "period": 3,
      "gameTime": 3574,
      "type": "score",
      "team": "红队",
      "player": "爱文",
      "number": "5",
      "value": 2
    },
    {
      "timestamp": 1753706546361,
      "period": 3,
      "gameTime": 3597,
      "type": "score",
      "team": "黑队",
      "player": "郑方庆",
      "number": "0",
      "value": 2
    },
    {
      "timestamp": 1753706641875,
      "period": 3,
      "gameTime": 3693,
      "type": "score",
      "team": "黑队",
      "player": "锐斌",
      "number": "20",
      "value": 2
    },
    {
      "timestamp": 1753706672958,
      "period": 3,
      "gameTime": 3724,
      "type": "score",
      "team": "黑队",
      "player": "诗胜",
      "number": "6",
      "value": 2
    },
    {
      "timestamp": 1753706677942,
      "period": 3,
      "gameTime": 0,
      "type": "game-pause",
      "team": "",
      "player": "比赛",
      "number": "",
      "value": null
    },
    {
      "timestamp": 1753706682341,
      "period": 3,
      "gameTime": 0,
      "type": "sub-out",
      "team": "黑队",
      "player": "张铖",
      "number": "34",
      "value": null
    },
    {
      "timestamp": 1753706684344,
      "period": 3,
      "gameTime": 0,
      "type": "sub-in",
      "team": "黑队",
      "player": "志滨",
      "number": "13",
      "value": null
    },
    {
      "timestamp": 1753706688211,
      "period": 3,
      "gameTime": 0,
      "type": "sub-out",
      "team": "黑队",
      "player": "锐斌",
      "number": "20",
      "value": null
    },
    {
      "timestamp": 1753706689493,
      "period": 3,
      "gameTime": 0,
      "type": "sub-out",
      "team": "黑队",
      "player": "郑方庆",
      "number": "0",
      "value": null
    },
    {
      "timestamp": 1753706693027,
      "period": 3,
      "gameTime": 0,
      "type": "sub-in",
      "team": "黑队",
      "player": "屹剑",
      "number": "33",
      "value": null
    },
    {
      "timestamp": 1753706694028,
      "period": 3,
      "gameTime": 0,
      "type": "sub-in",
      "team": "黑队",
      "player": "庆敏",
      "number": "8",
      "value": null
    },
    {
      "timestamp": 1753706714076,
      "period": 3,
      "gameTime": 0,
      "type": "sub-out",
      "team": "红队",
      "player": "桂亮",
      "number": "35",
      "value": null
    },
    {
      "timestamp": 1753706715327,
      "period": 3,
      "gameTime": 0,
      "type": "sub-in",
      "team": "红队",
      "player": "🐶哥",
      "number": "96",
      "value": null
    },
    {
      "timestamp": 1753706716878,
      "period": 3,
      "gameTime": 0,
      "type": "sub-out",
      "team": "红队",
      "player": "祝程",
      "number": "10",
      "value": null
    },
    {
      "timestamp": 1753706719277,
      "period": 3,
      "gameTime": 0,
      "type": "sub-in",
      "team": "红队",
      "player": "晓涛",
      "number": "00",
      "value": null
    },
    {
      "timestamp": 1753706720928,
      "period": 3,
      "gameTime": 0,
      "type": "sub-out",
      "team": "红队",
      "player": "爱文",
      "number": "5",
      "value": null
    },
    {
      "timestamp": 1753706722859,
      "period": 3,
      "gameTime": 0,
      "type": "sub-in",
      "team": "红队",
      "player": "文灏",
      "number": "2",
      "value": null
    },
    {
      "timestamp": 1753706726725,
      "period": 3,
      "gameTime": 0,
      "type": "sub-out",
      "team": "红队",
      "player": "廖程",
      "number": "88",
      "value": null
    },
    {
      "timestamp": 1753706728058,
      "period": 3,
      "gameTime": 0,
      "type": "sub-in",
      "team": "红队",
      "player": "佳鑫",
      "number": "99",
      "value": null
    },
    {
      "timestamp": 1753706766942,
      "period": 3,
      "gameTime": 3818,
      "type": "game-start",
      "team": "",
      "player": "比赛",
      "number": "",
      "value": null
    },
    {
      "timestamp": 1753706769393,
      "period": 3,
      "gameTime": 3820,
      "type": "score",
      "team": "黑队",
      "player": "诗胜",
      "number": "6",
      "value": 1
    },
    {
      "timestamp": 1753706791059,
      "period": 3,
      "gameTime": 3842,
      "type": "score",
      "team": "红队",
      "player": "晓涛",
      "number": "00",
      "value": 2
    },
    {
      "timestamp": 1753706805611,
      "period": 3,
      "gameTime": 3856,
      "type": "score",
      "team": "红队",
      "player": "🐶哥",
      "number": "96",
      "value": 2
    },
    {
      "timestamp": 1753706836526,
      "period": 3,
      "gameTime": 3887,
      "type": "foul",
      "team": "红队",
      "player": "伟国",
      "number": "15",
      "value": 1
    },
    {
      "timestamp": 1753706842509,
      "period": 3,
      "gameTime": 3893,
      "type": "score",
      "team": "黑队",
      "player": "庆敏",
      "number": "8",
      "value": 1
    },
    {
      "timestamp": 1753706883386,
      "period": 3,
      "gameTime": 3934,
      "type": "sub-out",
      "team": "红队",
      "player": "伟国",
      "number": "15",
      "value": null
    },
    {
      "timestamp": 1753706884559,
      "period": 3,
      "gameTime": 3935,
      "type": "sub-in",
      "team": "红队",
      "player": "廖程",
      "number": "88",
      "value": null
    },
    {
      "timestamp": 1753706933058,
      "period": 3,
      "gameTime": 3984,
      "type": "score",
      "team": "黑队",
      "player": "诗胜",
      "number": "6",
      "value": 2
    },
    {
      "timestamp": 1753707017861,
      "period": 3,
      "gameTime": 4069,
      "type": "foul",
      "team": "红队",
      "player": "晓涛",
      "number": "00",
      "value": 1
    },
    {
      "timestamp": 1753707024411,
      "period": 3,
      "gameTime": 4075,
      "type": "score",
      "team": "黑队",
      "player": "庆敏",
      "number": "8",
      "value": 1
    },
    {
      "timestamp": 1753707057875,
      "period": 3,
      "gameTime": 4109,
      "type": "foul",
      "team": "黑队",
      "player": "屹剑",
      "number": "33",
      "value": 1
    },
    {
      "timestamp": 1753707117309,
      "period": 3,
      "gameTime": 4168,
      "type": "foul",
      "team": "红队",
      "player": "晓涛",
      "number": "00",
      "value": 1
    },
    {
      "timestamp": 1753707161809,
      "period": 3,
      "gameTime": 4213,
      "type": "score",
      "team": "黑队",
      "player": "闺蜜",
      "number": "29",
      "value": 2
    },
    {
      "timestamp": 1753707177175,
      "period": 3,
      "gameTime": 4228,
      "type": "score",
      "team": "红队",
      "player": "廖程",
      "number": "88",
      "value": 2
    },
    {
      "timestamp": 1753707217792,
      "period": 3,
      "gameTime": 4268,
      "type": "score",
      "team": "红队",
      "player": "🐶哥",
      "number": "96",
      "value": 2
    },
    {
      "timestamp": 1753707266143,
      "period": 3,
      "gameTime": 4317,
      "type": "foul",
      "team": "红队",
      "player": "佳鑫",
      "number": "99",
      "value": 1
    },
    {
      "timestamp": 1753707293794,
      "period": 3,
      "gameTime": 4344,
      "type": "score",
      "team": "黑队",
      "player": "诗胜",
      "number": "6",
      "value": 1
    },
    {
      "timestamp": 1753707305612,
      "period": 3,
      "gameTime": 4356,
      "type": "score",
      "team": "黑队",
      "player": "诗胜",
      "number": "6",
      "value": 1
    },
    {
      "timestamp": 1753707324160,
      "period": 3,
      "gameTime": 4375,
      "type": "foul",
      "team": "黑队",
      "player": "庆敏",
      "number": "8",
      "value": 1
    },
    {
      "timestamp": 1753707336309,
      "period": 3,
      "gameTime": 4387,
      "type": "sub-out",
      "team": "黑队",
      "player": "闺蜜",
      "number": "29",
      "value": null
    },
    {
      "timestamp": 1753707339753,
      "period": 3,
      "gameTime": 4390,
      "type": "sub-in",
      "team": "黑队",
      "player": "郁涛",
      "number": "30",
      "value": null
    },
    {
      "timestamp": 1753707355594,
      "period": 3,
      "gameTime": 4406,
      "type": "score",
      "team": "红队",
      "player": "文灏",
      "number": "2",
      "value": 1
    },
    {
      "timestamp": 1753707387476,
      "period": 3,
      "gameTime": 4438,
      "type": "score",
      "team": "黑队",
      "player": "志滨",
      "number": "13",
      "value": 2
    },
    {
      "timestamp": 1753707389508,
      "period": 3,
      "gameTime": 0,
      "type": "game-pause",
      "team": "",
      "player": "比赛",
      "number": "",
      "value": null
    },
    {
      "timestamp": 1753707475029,
      "period": 3,
      "gameTime": 0,
      "type": "sub-out",
      "team": "红队",
      "player": "晓涛",
      "number": "00",
      "value": null
    },
    {
      "timestamp": 1753707476345,
      "period": 3,
      "gameTime": 0,
      "type": "sub-in",
      "team": "红队",
      "player": "祝程",
      "number": "10",
      "value": null
    },
    {
      "timestamp": 1753707483712,
      "period": 3,
      "gameTime": 0,
      "type": "sub-out",
      "team": "黑队",
      "player": "诗胜",
      "number": "6",
      "value": null
    },
    {
      "timestamp": 1753707485146,
      "period": 3,
      "gameTime": 0,
      "type": "sub-in",
      "team": "黑队",
      "player": "锐斌",
      "number": "20",
      "value": null
    },
    {
      "timestamp": 1753707507249,
      "period": 3,
      "gameTime": 4558,
      "type": "game-start",
      "team": "",
      "player": "比赛",
      "number": "",
      "value": null
    },
    {
      "timestamp": 1753707511078,
      "period": 3,
      "gameTime": 4562,
      "type": "foul",
      "team": "红队",
      "player": "廖程",
      "number": "88",
      "value": 1
    },
    {
      "timestamp": 1753707536492,
      "period": 3,
      "gameTime": 4587,
      "type": "score",
      "team": "黑队",
      "player": "志滨",
      "number": "13",
      "value": 2
    },
    {
      "timestamp": 1753707571926,
      "period": 3,
      "gameTime": 4623,
      "type": "foul",
      "team": "红队",
      "player": "祝程",
      "number": "10",
      "value": 1
    },
    {
      "timestamp": 1753707578310,
      "period": 3,
      "gameTime": 4629,
      "type": "score",
      "team": "黑队",
      "player": "庆敏",
      "number": "8",
      "value": 1
    },
    {
      "timestamp": 1753707609360,
      "period": 3,
      "gameTime": 4660,
      "type": "foul",
      "team": "黑队",
      "player": "锐斌",
      "number": "20",
      "value": 1
    },
    {
      "timestamp": 1753707619843,
      "period": 3,
      "gameTime": 4671,
      "type": "score",
      "team": "红队",
      "player": "祝程",
      "number": "10",
      "value": 1
    },
    {
      "timestamp": 1753707680162,
      "period": 3,
      "gameTime": 4731,
      "type": "score",
      "team": "黑队",
      "player": "屹剑",
      "number": "33",
      "value": 3
    },
    {
      "timestamp": 1753707711059,
      "period": 3,
      "gameTime": 4762,
      "type": "score",
      "team": "黑队",
      "player": "郁涛",
      "number": "30",
      "value": 2
    },
    {
      "timestamp": 1753707730960,
      "period": 3,
      "gameTime": 4782,
      "type": "foul",
      "team": "黑队",
      "player": "锐斌",
      "number": "20",
      "value": 1
    },
    {
      "timestamp": 1753707742911,
      "period": 3,
      "gameTime": 4794,
      "type": "score",
      "team": "红队",
      "player": "廖程",
      "number": "88",
      "value": 1
    },
    {
      "timestamp": 1753707751926,
      "period": 3,
      "gameTime": 4803,
      "type": "score",
      "team": "红队",
      "player": "廖程",
      "number": "88",
      "value": 1
    },
    {
      "timestamp": 1753707777095,
      "period": 3,
      "gameTime": 4828,
      "type": "score",
      "team": "红队",
      "player": "祝程",
      "number": "10",
      "value": 2
    },
    {
      "timestamp": 1753707818284,
      "period": 3,
      "gameTime": 4869,
      "type": "score",
      "team": "红队",
      "player": "廖程",
      "number": "88",
      "value": 2
    },
    {
      "timestamp": 1753707821185,
      "period": 3,
      "gameTime": 0,
      "type": "game-pause",
      "team": "",
      "player": "比赛",
      "number": "",
      "value": null
    },
    {
      "timestamp": 1753707879627,
      "period": 3,
      "gameTime": 0,
      "type": "sub-out",
      "team": "黑队",
      "player": "庆敏",
      "number": "8",
      "value": null
    },
    {
      "timestamp": 1753707879894,
      "period": 3,
      "gameTime": 0,
      "type": "sub-out",
      "team": "黑队",
      "player": "志滨",
      "number": "13",
      "value": null
    },
    {
      "timestamp": 1753707880111,
      "period": 3,
      "gameTime": 0,
      "type": "sub-out",
      "team": "黑队",
      "player": "锐斌",
      "number": "20",
      "value": null
    },
    {
      "timestamp": 1753707880294,
      "period": 3,
      "gameTime": 0,
      "type": "sub-out",
      "team": "黑队",
      "player": "郁涛",
      "number": "30",
      "value": null
    },
    {
      "timestamp": 1753707880477,
      "period": 3,
      "gameTime": 0,
      "type": "sub-out",
      "team": "黑队",
      "player": "屹剑",
      "number": "33",
      "value": null
    },
    {
      "timestamp": 1753707892177,
      "period": 3,
      "gameTime": 0,
      "type": "sub-in",
      "team": "黑队",
      "player": "郑方庆",
      "number": "0",
      "value": null
    },
    {
      "timestamp": 1753707895680,
      "period": 3,
      "gameTime": 0,
      "type": "sub-in",
      "team": "黑队",
      "player": "诗胜",
      "number": "6",
      "value": null
    },
    {
      "timestamp": 1753707912943,
      "period": 3,
      "gameTime": 0,
      "type": "sub-in",
      "team": "黑队",
      "player": "张铖",
      "number": "34",
      "value": null
    },
    {
      "timestamp": 1753707913926,
      "period": 3,
      "gameTime": 0,
      "type": "sub-in",
      "team": "黑队",
      "player": "闺蜜",
      "number": "29",
      "value": null
    },
    {
      "timestamp": 1753707927857,
      "period": 3,
      "gameTime": 0,
      "type": "sub-out",
      "team": "红队",
      "player": "文灏",
      "number": "2",
      "value": null
    },
    {
      "timestamp": 1753707928056,
      "period": 3,
      "gameTime": 0,
      "type": "sub-out",
      "team": "红队",
      "player": "祝程",
      "number": "10",
      "value": null
    },
    {
      "timestamp": 1753707928206,
      "period": 3,
      "gameTime": 0,
      "type": "sub-out",
      "team": "红队",
      "player": "🐶哥",
      "number": "96",
      "value": null
    },
    {
      "timestamp": 1753707928373,
      "period": 3,
      "gameTime": 0,
      "type": "sub-out",
      "team": "红队",
      "player": "佳鑫",
      "number": "99",
      "value": null
    },
    {
      "timestamp": 1753707928576,
      "period": 3,
      "gameTime": 0,
      "type": "sub-out",
      "team": "红队",
      "player": "廖程",
      "number": "88",
      "value": null
    },
    {
      "timestamp": 1753707999021,
      "period": 3,
      "gameTime": 0,
      "type": "sub-in",
      "team": "黑队",
      "player": "林铎",
      "number": "11",
      "value": null
    },
    {
      "timestamp": 1753708005303,
      "period": 3,
      "gameTime": 0,
      "type": "sub-in",
      "team": "红队",
      "player": "祝程",
      "number": "10",
      "value": null
    },
    {
      "timestamp": 1753708008871,
      "period": 3,
      "gameTime": 0,
      "type": "sub-in",
      "team": "红队",
      "player": "爱文",
      "number": "5",
      "value": null
    },
    {
      "timestamp": 1753708010370,
      "period": 3,
      "gameTime": 0,
      "type": "sub-in",
      "team": "红队",
      "player": "晓涛",
      "number": "00",
      "value": null
    },
    {
      "timestamp": 1753708013704,
      "period": 3,
      "gameTime": 0,
      "type": "sub-in",
      "team": "红队",
      "player": "桂亮",
      "number": "35",
      "value": null
    },
    {
      "timestamp": 1753708017156,
      "period": 3,
      "gameTime": 0,
      "type": "sub-in",
      "team": "红队",
      "player": "伟国",
      "number": "15",
      "value": null
    },
    {
      "timestamp": 1753708040356,
      "period": 3,
      "gameTime": 0,
      "type": "sub-out",
      "team": "黑队",
      "player": "闺蜜",
      "number": "29",
      "value": null
    },
    {
      "timestamp": 1753708041497,
      "period": 3,
      "gameTime": 0,
      "type": "sub-in",
      "team": "黑队",
      "player": "锐斌",
      "number": "20",
      "value": null
    },
    {
      "timestamp": 1753708049637,
      "period": 3,
      "gameTime": 5100,
      "type": "game-start",
      "team": "",
      "player": "比赛",
      "number": "",
      "value": null
    },
    {
      "timestamp": 1753708052719,
      "period": 3,
      "gameTime": 5103,
      "type": "score",
      "team": "黑队",
      "player": "锐斌",
      "number": "20",
      "value": 3
    },
    {
      "timestamp": 1753708068486,
      "period": 3,
      "gameTime": 5119,
      "type": "foul",
      "team": "黑队",
      "player": "张铖",
      "number": "34",
      "value": 1
    },
    {
      "timestamp": 1753708073704,
      "period": 4,
      "gameTime": 5124,
      "type": "period-change",
      "team": "",
      "player": "",
      "number": "",
      "value": 4
    },
    {
      "timestamp": 1753708077855,
      "period": 4,
      "gameTime": 5129,
      "type": "foul",
      "team": "黑队",
      "player": "张铖",
      "number": "34",
      "value": 1
    },
    {
      "timestamp": 1753708083287,
      "period": 4,
      "gameTime": 5134,
      "type": "score",
      "team": "红队",
      "player": "伟国",
      "number": "15",
      "value": 1
    },
    {
      "timestamp": 1753708083736,
      "period": 4,
      "gameTime": 5134,
      "type": "score",
      "team": "红队",
      "player": "伟国",
      "number": "15",
      "value": 1
    },
    {
      "timestamp": 1753708103385,
      "period": 4,
      "gameTime": 5154,
      "type": "score",
      "team": "黑队",
      "player": "诗胜",
      "number": "6",
      "value": 2
    },
    {
      "timestamp": 1753708114820,
      "period": 4,
      "gameTime": 0,
      "type": "game-pause",
      "team": "",
      "player": "比赛",
      "number": "",
      "value": null
    },
    {
      "timestamp": 1753708129421,
      "period": 4,
      "gameTime": 5180,
      "type": "game-start",
      "team": "",
      "player": "比赛",
      "number": "",
      "value": null
    },
    {
      "timestamp": 1753708159487,
      "period": 4,
      "gameTime": 5210,
      "type": "foul",
      "team": "黑队",
      "player": "张铖",
      "number": "34",
      "value": 1
    },
    {
      "timestamp": 1753708161970,
      "period": 4,
      "gameTime": 5213,
      "type": "foul",
      "team": "黑队",
      "player": "张铖",
      "number": "34",
      "value": -1
    },
    {
      "timestamp": 1753708162806,
      "period": 4,
      "gameTime": 5214,
      "type": "foul",
      "team": "黑队",
      "player": "张铖",
      "number": "34",
      "value": 1
    },
    {
      "timestamp": 1753708177888,
      "period": 4,
      "gameTime": 5229,
      "type": "score",
      "team": "红队",
      "player": "桂亮",
      "number": "35",
      "value": 1
    },
    {
      "timestamp": 1753708182352,
      "period": 4,
      "gameTime": 5233,
      "type": "score",
      "team": "红队",
      "player": "桂亮",
      "number": "35",
      "value": 1
    },
    {
      "timestamp": 1753708246088,
      "period": 4,
      "gameTime": 5297,
      "type": "sub-out",
      "team": "黑队",
      "player": "诗胜",
      "number": "6",
      "value": null
    },
    {
      "timestamp": 1753708248136,
      "period": 4,
      "gameTime": 5299,
      "type": "sub-in",
      "team": "黑队",
      "player": "闺蜜",
      "number": "29",
      "value": null
    },
    {
      "timestamp": 1753708259468,
      "period": 4,
      "gameTime": 5310,
      "type": "score",
      "team": "红队",
      "player": "桂亮",
      "number": "35",
      "value": 2
    },
    {
      "timestamp": 1753708368822,
      "period": 4,
      "gameTime": 5420,
      "type": "score",
      "team": "红队",
      "player": "祝程",
      "number": "10",
      "value": 2
    },
    {
      "timestamp": 1753708372626,
      "period": 4,
      "gameTime": 0,
      "type": "game-pause",
      "team": "",
      "player": "比赛",
      "number": "",
      "value": null
    },
    {
      "timestamp": 1753708420853,
      "period": 4,
      "gameTime": 0,
      "type": "sub-out",
      "team": "黑队",
      "player": "林铎",
      "number": "11",
      "value": null
    },
    {
      "timestamp": 1753708422470,
      "period": 4,
      "gameTime": 0,
      "type": "sub-in",
      "team": "黑队",
      "player": "志滨",
      "number": "13",
      "value": null
    },
    {
      "timestamp": 1753708427336,
      "period": 4,
      "gameTime": 5478,
      "type": "game-start",
      "team": "",
      "player": "比赛",
      "number": "",
      "value": null
    },
    {
      "timestamp": 1753708446964,
      "period": 4,
      "gameTime": 5498,
      "type": "score",
      "team": "黑队",
      "player": "志滨",
      "number": "13",
      "value": 2
    },
    {
      "timestamp": 1753708464071,
      "period": 4,
      "gameTime": 5515,
      "type": "foul",
      "team": "黑队",
      "player": "锐斌",
      "number": "20",
      "value": 1
    },
    {
      "timestamp": 1753708485472,
      "period": 4,
      "gameTime": 5536,
      "type": "score",
      "team": "红队",
      "player": "桂亮",
      "number": "35",
      "value": 1
    },
    {
      "timestamp": 1753708494172,
      "period": 4,
      "gameTime": 5545,
      "type": "score",
      "team": "红队",
      "player": "桂亮",
      "number": "35",
      "value": 1
    },
    {
      "timestamp": 1753708510654,
      "period": 4,
      "gameTime": 5561,
      "type": "score",
      "team": "红队",
      "player": "爱文",
      "number": "5",
      "value": 2
    },
    {
      "timestamp": 1753708578569,
      "period": 4,
      "gameTime": 5629,
      "type": "score",
      "team": "黑队",
      "player": "郑方庆",
      "number": "0",
      "value": 2
    },
    {
      "timestamp": 1753708626822,
      "period": 4,
      "gameTime": 5678,
      "type": "foul",
      "team": "黑队",
      "player": "郑方庆",
      "number": "0",
      "value": 1
    },
    {
      "timestamp": 1753708643688,
      "period": 4,
      "gameTime": 5694,
      "type": "score",
      "team": "红队",
      "player": "爱文",
      "number": "5",
      "value": 1
    },
    {
      "timestamp": 1753708656372,
      "period": 4,
      "gameTime": 5707,
      "type": "score",
      "team": "红队",
      "player": "爱文",
      "number": "5",
      "value": 1
    },
    {
      "timestamp": 1753708688389,
      "period": 4,
      "gameTime": 5739,
      "type": "foul",
      "team": "红队",
      "player": "桂亮",
      "number": "35",
      "value": 1
    },
    {
      "timestamp": 1753708757037,
      "period": 4,
      "gameTime": 5808,
      "type": "score",
      "team": "黑队",
      "player": "张铖",
      "number": "34",
      "value": 2
    },
    {
      "timestamp": 1753708782929,
      "period": 4,
      "gameTime": 5834,
      "type": "score",
      "team": "红队",
      "player": "桂亮",
      "number": "35",
      "value": 2
    },
    {
      "timestamp": 1753708813259,
      "period": 4,
      "gameTime": 5864,
      "type": "score",
      "team": "红队",
      "player": "晓涛",
      "number": "00",
      "value": 2
    },
    {
      "timestamp": 1753708815619,
      "period": 4,
      "gameTime": 0,
      "type": "game-pause",
      "team": "",
      "player": "比赛",
      "number": "",
      "value": null
    },
    {
      "timestamp": 1753708853486,
      "period": 4,
      "gameTime": 0,
      "type": "sub-out",
      "team": "黑队",
      "player": "张铖",
      "number": "34",
      "value": null
    },
    {
      "timestamp": 1753708855705,
      "period": 4,
      "gameTime": 0,
      "type": "sub-in",
      "team": "黑队",
      "player": "屹剑",
      "number": "33",
      "value": null
    },
    {
      "timestamp": 1753708862772,
      "period": 4,
      "gameTime": 0,
      "type": "sub-out",
      "team": "黑队",
      "player": "郑方庆",
      "number": "0",
      "value": null
    },
    {
      "timestamp": 1753708863873,
      "period": 4,
      "gameTime": 0,
      "type": "sub-in",
      "team": "黑队",
      "player": "庆敏",
      "number": "8",
      "value": null
    },
    {
      "timestamp": 1753708892553,
      "period": 4,
      "gameTime": 0,
      "type": "sub-out",
      "team": "黑队",
      "player": "志滨",
      "number": "13",
      "value": null
    },
    {
      "timestamp": 1753708897604,
      "period": 4,
      "gameTime": 0,
      "type": "sub-in",
      "team": "黑队",
      "player": "郑方庆",
      "number": "0",
      "value": null
    },
    {
      "timestamp": 1753708904824,
      "period": 4,
      "gameTime": 5956,
      "type": "game-start",
      "team": "",
      "player": "比赛",
      "number": "",
      "value": null
    },
    {
      "timestamp": 1753708917085,
      "period": 4,
      "gameTime": 5968,
      "type": "score",
      "team": "红队",
      "player": "祝程",
      "number": "10",
      "value": 2
    },
    {
      "timestamp": 1753708943206,
      "period": 4,
      "gameTime": 5994,
      "type": "score",
      "team": "红队",
      "player": "祝程",
      "number": "10",
      "value": 2
    },
    {
      "timestamp": 1753709031932,
      "period": 4,
      "gameTime": 6083,
      "type": "sub-out",
      "team": "黑队",
      "player": "郑方庆",
      "number": "0",
      "value": null
    },
    {
      "timestamp": 1753709033972,
      "period": 4,
      "gameTime": 6085,
      "type": "sub-in",
      "team": "黑队",
      "player": "志滨",
      "number": "13",
      "value": null
    },
    {
      "timestamp": 1753709093336,
      "period": 4,
      "gameTime": 6144,
      "type": "score",
      "team": "红队",
      "player": "祝程",
      "number": "10",
      "value": 3
    },
    {
      "timestamp": 1753709124790,
      "period": 4,
      "gameTime": 6175,
      "type": "foul",
      "team": "红队",
      "player": "晓涛",
      "number": "00",
      "value": 1
    },
    {
      "timestamp": 1753709132546,
      "period": 4,
      "gameTime": 6183,
      "type": "score",
      "team": "黑队",
      "player": "屹剑",
      "number": "33",
      "value": 1
    },
    {
      "timestamp": 1753709176507,
      "period": 4,
      "gameTime": 6227,
      "type": "score",
      "team": "黑队",
      "player": "屹剑",
      "number": "33",
      "value": 2
    },
    {
      "timestamp": 1753709236426,
      "period": 4,
      "gameTime": 6287,
      "type": "foul",
      "team": "黑队",
      "player": "锐斌",
      "number": "20",
      "value": 1
    },
    {
      "timestamp": 1753709242923,
      "period": 4,
      "gameTime": 6294,
      "type": "foul",
      "team": "黑队",
      "player": "锐斌",
      "number": "20",
      "value": -1
    },
    {
      "timestamp": 1753709244035,
      "period": 4,
      "gameTime": 6295,
      "type": "foul",
      "team": "黑队",
      "player": "志滨",
      "number": "13",
      "value": 1
    },
    {
      "timestamp": 1753709257069,
      "period": 4,
      "gameTime": 6308,
      "type": "score",
      "team": "红队",
      "player": "爱文",
      "number": "5",
      "value": 1
    },
    {
      "timestamp": 1753709258470,
      "period": 4,
      "gameTime": 6309,
      "type": "score",
      "team": "红队",
      "player": "爱文",
      "number": "5",
      "value": 1
    },
    {
      "timestamp": 1753709271358,
      "period": 4,
      "gameTime": 6322,
      "type": "score",
      "team": "红队",
      "player": "祝程",
      "number": "10",
      "value": 2
    },
    {
      "timestamp": 1753709292125,
      "period": 4,
      "gameTime": 6343,
      "type": "score",
      "team": "黑队",
      "player": "庆敏",
      "number": "8",
      "value": 2
    },
    {
      "timestamp": 1753709336602,
      "period": 4,
      "gameTime": 6387,
      "type": "sub-out",
      "team": "黑队",
      "player": "闺蜜",
      "number": "29",
      "value": null
    },
    {
      "timestamp": 1753709338092,
      "period": 4,
      "gameTime": 6389,
      "type": "sub-in",
      "team": "黑队",
      "player": "诗胜",
      "number": "6",
      "value": null
    },
    {
      "timestamp": 1753709345353,
      "period": 4,
      "gameTime": 6396,
      "type": "score",
      "team": "黑队",
      "player": "诗胜",
      "number": "6",
      "value": 2
    },
    {
      "timestamp": 1753709366957,
      "period": 4,
      "gameTime": 6418,
      "type": "score",
      "team": "黑队",
      "player": "庆敏",
      "number": "8",
      "value": 2
    },
    {
      "timestamp": 1753709395036,
      "period": 4,
      "gameTime": 6446,
      "type": "score",
      "team": "黑队",
      "player": "锐斌",
      "number": "20",
      "value": 2
    },
    {
      "timestamp": 1753709445092,
      "period": 4,
      "gameTime": 6496,
      "type": "score",
      "team": "红队",
      "player": "祝程",
      "number": "10",
      "value": 2
    },
    {
      "timestamp": 1753709449319,
      "period": 4,
      "gameTime": 0,
      "type": "game-pause",
      "team": "",
      "player": "比赛",
      "number": "",
      "value": null
    }
  ]
}