{
  "game": [
    {
      "id": "currentGame",
      "players": [
        {
          "name": "晓涛",
          "number": "00",
          "team": "黑队",
          "isPlaying": true,
          "currentTime": 2130.0390000000007,
          "totalTime": 2112.0829999999996,
          "score": 21,
          "fouls": 2,
          "plusMinus": -17,
          "presetId": 2
        },
        {
          "name": "文灏",
          "number": "2",
          "team": "黑队",
          "isPlaying": false,
          "currentTime": 0,
          "totalTime": 2480.129999999999,
          "score": 5,
          "fouls": 2,
          "plusMinus": 8,
          "presetId": 4
        },
        {
          "name": "楚放",
          "number": "3",
          "team": "红队",
          "isPlaying": true,
          "currentTime": 157.00300000000004,
          "totalTime": 2775.1369999999993,
          "score": 4,
          "fouls": 3,
          "plusMinus": -43,
          "presetId": 5
        },
        {
          "name": "爱文",
          "number": "5",
          "team": "红队",
          "isPlaying": true,
          "currentTime": 947.0219999999995,
          "totalTime": 3025.1009999999997,
          "score": 15,
          "fouls": 3,
          "plusMinus": 7,
          "presetId": 6
        },
        {
          "name": "诗胜",
          "number": "6",
          "team": "红队",
          "isPlaying": false,
          "currentTime": 0,
          "totalTime": 3300.109,
          "score": 19,
          "fouls": 3,
          "plusMinus": 1,
          "presetId": 7
        },
        {
          "name": "庆敏",
          "number": "8",
          "team": "黑队",
          "isPlaying": true,
          "currentTime": 559.0110000000001,
          "totalTime": 2928.1059999999998,
          "score": 20,
          "fouls": 4,
          "plusMinus": 4,
          "presetId": 9
        },
        {
          "name": "李陈超",
          "number": "9",
          "team": "黑队",
          "isPlaying": true,
          "currentTime": 1367.0079999999996,
          "totalTime": 2594.0989999999997,
          "score": 12,
          "fouls": 3,
          "plusMinus": -2,
          "presetId": 10
        },
        {
          "name": "祝程",
          "number": "10",
          "team": "黑队",
          "isPlaying": true,
          "currentTime": 3120.066000000003,
          "totalTime": 2703.1760000000013,
          "score": 34,
          "fouls": 4,
          "plusMinus": 16,
          "presetId": 11
        },
        {
          "name": "志滨",
          "number": "13",
          "team": "黑队",
          "isPlaying": false,
          "currentTime": 0,
          "totalTime": 2252.1269999999995,
          "score": 3,
          "fouls": 4,
          "plusMinus": 19,
          "presetId": 13
        },
        {
          "name": "龙腾",
          "number": "16",
          "team": "红队",
          "isPlaying": false,
          "currentTime": 0,
          "totalTime": 2344.129,
          "score": 14,
          "fouls": 2,
          "plusMinus": -16,
          "presetId": 15
        },
        {
          "name": "锐斌",
          "number": "20",
          "team": "黑队",
          "isPlaying": true,
          "currentTime": 575.0120000000002,
          "totalTime": 2934.141999999999,
          "score": 11,
          "fouls": 3,
          "plusMinus": 19,
          "presetId": 16
        },
        {
          "name": "鹏东",
          "number": "22",
          "team": "红队",
          "isPlaying": true,
          "currentTime": 942.0219999999996,
          "totalTime": 2728.137999999999,
          "score": 14,
          "fouls": 2,
          "plusMinus": -36,
          "presetId": 17
        },
        {
          "name": "屹剑",
          "number": "33",
          "team": "黑队",
          "isPlaying": false,
          "currentTime": 0,
          "totalTime": 4105.206999999999,
          "score": 34,
          "fouls": 2,
          "plusMinus": 13,
          "presetId": 21
        },
        {
          "name": "张铖",
          "number": "34",
          "team": "红队",
          "isPlaying": false,
          "currentTime": 0,
          "totalTime": 1822.1129999999996,
          "score": 2,
          "fouls": 1,
          "plusMinus": -15,
          "presetId": 22
        },
        {
          "name": "廖程",
          "number": "23",
          "team": "红队",
          "isPlaying": false,
          "currentTime": 0,
          "totalTime": 2135.081,
          "score": 10,
          "fouls": 0,
          "plusMinus": 17,
          "presetId": 25
        },
        {
          "name": "🐶哥",
          "number": "96",
          "team": "红队",
          "isPlaying": true,
          "currentTime": 1721.0339999999994,
          "totalTime": 1673.073,
          "score": 5,
          "fouls": 1,
          "plusMinus": 19,
          "presetId": 26
        },
        {
          "name": "钲烨",
          "number": "77",
          "team": "红队",
          "isPlaying": false,
          "currentTime": 0,
          "totalTime": 2545.133,
          "score": 13,
          "fouls": 3,
          "plusMinus": -19,
          "presetId": 18
        },
        {
          "name": "烟佬",
          "number": "4",
          "team": "红队",
          "isPlaying": true,
          "currentTime": 1721.0339999999994,
          "totalTime": 1978.0839999999998,
          "score": 32,
          "fouls": 1,
          "plusMinus": 25
        }
      ],
      "isGameRunning": false,
      "currentPeriod": 4,
      "teamScores": {
        "红队": 128,
        "黑队": 140
      },
      "teamFouls": {
        "红队": {
          "1": 5,
          "2": 6,
          "3": 5,
          "4": 3
        },
        "黑队": {
          "1": 5,
          "2": 4,
          "3": 4,
          "4": 11
        }
      },
      "lastUpdateTime": null,
      "gameStartTime": 1767612665516
    }
  ],
  "details": [
    {
      "timestamp": 1767595766136,
      "period": 1,
      "gameTime": 0,
      "type": "player-add",
      "team": "黑队",
      "player": "晓涛",
      "number": "00",
      "value": null
    },
    {
      "timestamp": 1767595768970,
      "period": 1,
      "gameTime": 0,
      "type": "player-add",
      "team": "黑队",
      "player": "文灏",
      "number": "2",
      "value": null
    },
    {
      "timestamp": 1767595770104,
      "period": 1,
      "gameTime": 0,
      "type": "player-add",
      "team": "红队",
      "player": "楚放",
      "number": "3",
      "value": null
    },
    {
      "timestamp": 1767595771286,
      "period": 1,
      "gameTime": 0,
      "type": "player-add",
      "team": "红队",
      "player": "爱文",
      "number": "5",
      "value": null
    },
    {
      "timestamp": 1767595772488,
      "period": 1,
      "gameTime": 0,
      "type": "player-add",
      "team": "红队",
      "player": "诗胜",
      "number": "6",
      "value": null
    },
    {
      "timestamp": 1767595773853,
      "period": 1,
      "gameTime": 0,
      "type": "player-add",
      "team": "黑队",
      "player": "庆敏",
      "number": "8",
      "value": null
    },
    {
      "timestamp": 1767595774904,
      "period": 1,
      "gameTime": 0,
      "type": "player-add",
      "team": "黑队",
      "player": "李陈超",
      "number": "9",
      "value": null
    },
    {
      "timestamp": 1767595776154,
      "period": 1,
      "gameTime": 0,
      "type": "player-add",
      "team": "黑队",
      "player": "祝程",
      "number": "10",
      "value": null
    },
    {
      "timestamp": 1767595777419,
      "period": 1,
      "gameTime": 0,
      "type": "player-add",
      "team": "黑队",
      "player": "林铎",
      "number": "11",
      "value": null
    },
    {
      "timestamp": 1767595778438,
      "period": 1,
      "gameTime": 0,
      "type": "player-add",
      "team": "黑队",
      "player": "志滨",
      "number": "13",
      "value": null
    },
    {
      "timestamp": 1767595779790,
      "period": 1,
      "gameTime": 0,
      "type": "player-add",
      "team": "红队",
      "player": "龙腾",
      "number": "16",
      "value": null
    },
    {
      "timestamp": 1767595781254,
      "period": 1,
      "gameTime": 0,
      "type": "player-add",
      "team": "黑队",
      "player": "锐斌",
      "number": "20",
      "value": null
    },
    {
      "timestamp": 1767595782870,
      "period": 1,
      "gameTime": 0,
      "type": "player-add",
      "team": "红队",
      "player": "鹏东",
      "number": "22",
      "value": null
    },
    {
      "timestamp": 1767595785170,
      "period": 1,
      "gameTime": 0,
      "type": "player-add",
      "team": "黑队",
      "player": "屹剑",
      "number": "33",
      "value": null
    },
    {
      "timestamp": 1767595786737,
      "period": 1,
      "gameTime": 0,
      "type": "player-add",
      "team": "红队",
      "player": "张铖",
      "number": "34",
      "value": null
    },
    {
      "timestamp": 1767595789603,
      "period": 1,
      "gameTime": 0,
      "type": "player-add",
      "team": "红队",
      "player": "廖程",
      "number": "23",
      "value": null
    },
    {
      "timestamp": 1767595790586,
      "period": 1,
      "gameTime": 0,
      "type": "player-add",
      "team": "红队",
      "player": "🐶哥",
      "number": "96",
      "value": null
    },
    {
      "timestamp": 1767595800986,
      "period": 1,
      "gameTime": 0,
      "type": "player-add",
      "team": "红队",
      "player": "钲烨",
      "number": "77",
      "value": null
    },
    {
      "timestamp": 1767595810302,
      "period": 1,
      "gameTime": 0,
      "type": "player-add",
      "team": "红队",
      "player": "烟佬",
      "number": "4",
      "value": null
    },
    {
      "timestamp": 1767595817819,
      "period": 1,
      "gameTime": 0,
      "type": "sub-in",
      "team": "黑队",
      "player": "庆敏",
      "number": "8",
      "value": null
    },
    {
      "timestamp": 1767612631919,
      "period": 1,
      "gameTime": 0,
      "type": "sub-in",
      "team": "黑队",
      "player": "屹剑",
      "number": "33",
      "value": null
    },
    {
      "timestamp": 1767612632799,
      "period": 1,
      "gameTime": 0,
      "type": "sub-in",
      "team": "黑队",
      "player": "李陈超",
      "number": "9",
      "value": null
    },
    {
      "timestamp": 1767612633767,
      "period": 1,
      "gameTime": 0,
      "type": "sub-in",
      "team": "黑队",
      "player": "祝程",
      "number": "10",
      "value": null
    },
    {
      "timestamp": 1767612634466,
      "period": 1,
      "gameTime": 0,
      "type": "sub-in",
      "team": "黑队",
      "player": "晓涛",
      "number": "00",
      "value": null
    },
    {
      "timestamp": 1767612638315,
      "period": 1,
      "gameTime": 0,
      "type": "sub-in",
      "team": "红队",
      "player": "爱文",
      "number": "5",
      "value": null
    },
    {
      "timestamp": 1767612639316,
      "period": 1,
      "gameTime": 0,
      "type": "sub-in",
      "team": "红队",
      "player": "诗胜",
      "number": "6",
      "value": null
    },
    {
      "timestamp": 1767612645832,
      "period": 1,
      "gameTime": 0,
      "type": "sub-in",
      "team": "红队",
      "player": "🐶哥",
      "number": "96",
      "value": null
    },
    {
      "timestamp": 1767612646916,
      "period": 1,
      "gameTime": 0,
      "type": "sub-in",
      "team": "红队",
      "player": "廖程",
      "number": "23",
      "value": null
    },
    {
      "timestamp": 1767612652484,
      "period": 1,
      "gameTime": 0,
      "type": "sub-in",
      "team": "红队",
      "player": "烟佬",
      "number": "4",
      "value": null
    },
    {
      "timestamp": 1767612665516,
      "period": 1,
      "gameTime": 0,
      "type": "game-start",
      "team": "",
      "player": "比赛",
      "number": "",
      "value": null
    },
    {
      "timestamp": 1767612739365,
      "period": 1,
      "gameTime": 73,
      "type": "foul",
      "team": "黑队",
      "player": "李陈超",
      "number": "9",
      "value": 1
    },
    {
      "timestamp": 1767612766010,
      "period": 1,
      "gameTime": 100,
      "type": "score",
      "team": "红队",
      "player": "烟佬",
      "number": "4",
      "value": 2
    },
    {
      "timestamp": 1767612824713,
      "period": 1,
      "gameTime": 159,
      "type": "score",
      "team": "红队",
      "player": "爱文",
      "number": "5",
      "value": 2
    },
    {
      "timestamp": 1767612849847,
      "period": 1,
      "gameTime": 184,
      "type": "score",
      "team": "红队",
      "player": "诗胜",
      "number": "6",
      "value": 2
    },
    {
      "timestamp": 1767612928431,
      "period": 1,
      "gameTime": 262,
      "type": "score",
      "team": "黑队",
      "player": "祝程",
      "number": "10",
      "value": 2
    },
    {
      "timestamp": 1767613014779,
      "period": 1,
      "gameTime": 349,
      "type": "score",
      "team": "黑队",
      "player": "屹剑",
      "number": "33",
      "value": 3
    },
    {
      "timestamp": 1767613040711,
      "period": 1,
      "gameTime": 375,
      "type": "score",
      "team": "红队",
      "player": "廖程",
      "number": "23",
      "value": 2
    },
    {
      "timestamp": 1767613055663,
      "period": 1,
      "gameTime": 390,
      "type": "score",
      "team": "黑队",
      "player": "李陈超",
      "number": "9",
      "value": 2
    },
    {
      "timestamp": 1767613097913,
      "period": 1,
      "gameTime": 432,
      "type": "score",
      "team": "红队",
      "player": "廖程",
      "number": "23",
      "value": 2
    },
    {
      "timestamp": 1767613123911,
      "period": 1,
      "gameTime": 458,
      "type": "foul",
      "team": "红队",
      "player": "爱文",
      "number": "5",
      "value": 1
    },
    {
      "timestamp": 1767613164195,
      "period": 1,
      "gameTime": 498,
      "type": "score",
      "team": "黑队",
      "player": "庆敏",
      "number": "8",
      "value": 2
    },
    {
      "timestamp": 1767613184081,
      "period": 1,
      "gameTime": 518,
      "type": "foul",
      "team": "红队",
      "player": "诗胜",
      "number": "6",
      "value": 1
    },
    {
      "timestamp": 1767613197727,
      "period": 1,
      "gameTime": 532,
      "type": "score",
      "team": "黑队",
      "player": "屹剑",
      "number": "33",
      "value": 2
    },
    {
      "timestamp": 1767613221794,
      "period": 1,
      "gameTime": 556,
      "type": "score",
      "team": "红队",
      "player": "烟佬",
      "number": "4",
      "value": 2
    },
    {
      "timestamp": 1767613266694,
      "period": 1,
      "gameTime": 601,
      "type": "score",
      "team": "红队",
      "player": "廖程",
      "number": "23",
      "value": 2
    },
    {
      "timestamp": 1767613292712,
      "period": 1,
      "gameTime": 627,
      "type": "score",
      "team": "红队",
      "player": "🐶哥",
      "number": "96",
      "value": 2
    },
    {
      "timestamp": 1767613393094,
      "period": 1,
      "gameTime": 727,
      "type": "score",
      "team": "红队",
      "player": "诗胜",
      "number": "6",
      "value": 2
    },
    {
      "timestamp": 1767613450944,
      "period": 1,
      "gameTime": 0,
      "type": "game-pause",
      "team": "",
      "player": "比赛",
      "number": "",
      "value": null
    },
    {
      "timestamp": 1767613458728,
      "period": 1,
      "gameTime": 0,
      "type": "sub-out",
      "team": "红队",
      "player": "诗胜",
      "number": "6",
      "value": null
    },
    {
      "timestamp": 1767613460744,
      "period": 1,
      "gameTime": 0,
      "type": "sub-out",
      "team": "红队",
      "player": "廖程",
      "number": "23",
      "value": null
    },
    {
      "timestamp": 1767613461444,
      "period": 1,
      "gameTime": 0,
      "type": "sub-in",
      "team": "红队",
      "player": "楚放",
      "number": "3",
      "value": null
    },
    {
      "timestamp": 1767613462294,
      "period": 1,
      "gameTime": 0,
      "type": "sub-in",
      "team": "红队",
      "player": "龙腾",
      "number": "16",
      "value": null
    },
    {
      "timestamp": 1767613465262,
      "period": 1,
      "gameTime": 0,
      "type": "sub-out",
      "team": "黑队",
      "player": "李陈超",
      "number": "9",
      "value": null
    },
    {
      "timestamp": 1767613466595,
      "period": 1,
      "gameTime": 0,
      "type": "sub-in",
      "team": "黑队",
      "player": "志滨",
      "number": "13",
      "value": null
    },
    {
      "timestamp": 1767613475531,
      "period": 1,
      "gameTime": 0,
      "type": "sub-out",
      "team": "黑队",
      "player": "庆敏",
      "number": "8",
      "value": null
    },
    {
      "timestamp": 1767613476279,
      "period": 1,
      "gameTime": 0,
      "type": "sub-in",
      "team": "黑队",
      "player": "文灏",
      "number": "2",
      "value": null
    },
    {
      "timestamp": 1767613477894,
      "period": 1,
      "gameTime": 0,
      "type": "sub-out",
      "team": "黑队",
      "player": "晓涛",
      "number": "00",
      "value": null
    },
    {
      "timestamp": 1767613479463,
      "period": 1,
      "gameTime": 0,
      "type": "sub-in",
      "team": "黑队",
      "player": "锐斌",
      "number": "20",
      "value": null
    },
    {
      "timestamp": 1767613484527,
      "period": 1,
      "gameTime": 0,
      "type": "sub-out",
      "team": "红队",
      "player": "爱文",
      "number": "5",
      "value": null
    },
    {
      "timestamp": 1767613486228,
      "period": 1,
      "gameTime": 0,
      "type": "sub-out",
      "team": "红队",
      "player": "🐶哥",
      "number": "96",
      "value": null
    },
    {
      "timestamp": 1767613487544,
      "period": 1,
      "gameTime": 0,
      "type": "sub-out",
      "team": "红队",
      "player": "烟佬",
      "number": "4",
      "value": null
    },
    {
      "timestamp": 1767613490444,
      "period": 1,
      "gameTime": 0,
      "type": "sub-in",
      "team": "红队",
      "player": "钲烨",
      "number": "77",
      "value": null
    },
    {
      "timestamp": 1767613494927,
      "period": 1,
      "gameTime": 0,
      "type": "sub-in",
      "team": "红队",
      "player": "张铖",
      "number": "34",
      "value": null
    },
    {
      "timestamp": 1767613495611,
      "period": 1,
      "gameTime": 0,
      "type": "sub-in",
      "team": "红队",
      "player": "鹏东",
      "number": "22",
      "value": null
    },
    {
      "timestamp": 1767613500827,
      "period": 1,
      "gameTime": 835,
      "type": "game-start",
      "team": "",
      "player": "比赛",
      "number": "",
      "value": null
    },
    {
      "timestamp": 1767613521994,
      "period": 1,
      "gameTime": 856,
      "type": "score",
      "team": "黑队",
      "player": "屹剑",
      "number": "33",
      "value": 3
    },
    {
      "timestamp": 1767613544160,
      "period": 1,
      "gameTime": 878,
      "type": "foul",
      "team": "黑队",
      "player": "祝程",
      "number": "10",
      "value": 1
    },
    {
      "timestamp": 1767613583710,
      "period": 1,
      "gameTime": 918,
      "type": "score",
      "team": "黑队",
      "player": "屹剑",
      "number": "33",
      "value": 2
    },
    {
      "timestamp": 1767613641194,
      "period": 1,
      "gameTime": 975,
      "type": "foul",
      "team": "红队",
      "player": "龙腾",
      "number": "16",
      "value": 1
    },
    {
      "timestamp": 1767613661645,
      "period": 1,
      "gameTime": 996,
      "type": "score",
      "team": "黑队",
      "player": "祝程",
      "number": "10",
      "value": 1
    },
    {
      "timestamp": 1767613715342,
      "period": 1,
      "gameTime": 1049,
      "type": "foul",
      "team": "黑队",
      "player": "志滨",
      "number": "13",
      "value": 1
    },
    {
      "timestamp": 1767613775011,
      "period": 1,
      "gameTime": 1109,
      "type": "score",
      "team": "黑队",
      "player": "祝程",
      "number": "10",
      "value": 2
    },
    {
      "timestamp": 1767613801259,
      "period": 1,
      "gameTime": 1135,
      "type": "score",
      "team": "黑队",
      "player": "祝程",
      "number": "10",
      "value": 2
    },
    {
      "timestamp": 1767613831709,
      "period": 1,
      "gameTime": 1166,
      "type": "score",
      "team": "红队",
      "player": "钲烨",
      "number": "77",
      "value": 2
    },
    {
      "timestamp": 1767613849609,
      "period": 1,
      "gameTime": 1184,
      "type": "score",
      "team": "红队",
      "player": "龙腾",
      "number": "16",
      "value": 2
    },
    {
      "timestamp": 1767613904548,
      "period": 1,
      "gameTime": 1239,
      "type": "foul",
      "team": "红队",
      "player": "钲烨",
      "number": "77",
      "value": 1
    },
    {
      "timestamp": 1767613922627,
      "period": 1,
      "gameTime": 1257,
      "type": "score",
      "team": "黑队",
      "player": "文灏",
      "number": "2",
      "value": 1
    },
    {
      "timestamp": 1767613933244,
      "period": 1,
      "gameTime": 1267,
      "type": "score",
      "team": "黑队",
      "player": "文灏",
      "number": "2",
      "value": 1
    },
    {
      "timestamp": 1767613939061,
      "period": 1,
      "gameTime": 1273,
      "type": "score",
      "team": "黑队",
      "player": "文灏",
      "number": "2",
      "value": -1
    },
    {
      "timestamp": 1767613944928,
      "period": 1,
      "gameTime": 1279,
      "type": "score",
      "team": "黑队",
      "player": "文灏",
      "number": "2",
      "value": 1
    },
    {
      "timestamp": 1767613997413,
      "period": 1,
      "gameTime": 1331,
      "type": "score",
      "team": "黑队",
      "player": "屹剑",
      "number": "33",
      "value": 3
    },
    {
      "timestamp": 1767614020679,
      "period": 1,
      "gameTime": 1355,
      "type": "foul",
      "team": "黑队",
      "player": "锐斌",
      "number": "20",
      "value": 1
    },
    {
      "timestamp": 1767614052596,
      "period": 1,
      "gameTime": 1387,
      "type": "score",
      "team": "红队",
      "player": "钲烨",
      "number": "77",
      "value": 2
    },
    {
      "timestamp": 1767614073545,
      "period": 1,
      "gameTime": 1408,
      "type": "score",
      "team": "黑队",
      "player": "屹剑",
      "number": "33",
      "value": 2
    },
    {
      "timestamp": 1767614109179,
      "period": 1,
      "gameTime": 1443,
      "type": "score",
      "team": "黑队",
      "player": "文灏",
      "number": "2",
      "value": 2
    },
    {
      "timestamp": 1767614112031,
      "period": 1,
      "gameTime": 1446,
      "type": "foul",
      "team": "红队",
      "player": "钲烨",
      "number": "77",
      "value": 1
    },
    {
      "timestamp": 1767614130164,
      "period": 1,
      "gameTime": 1464,
      "type": "score",
      "team": "黑队",
      "player": "文灏",
      "number": "2",
      "value": 1
    },
    {
      "timestamp": 1767614170280,
      "period": 1,
      "gameTime": 1504,
      "type": "score",
      "team": "黑队",
      "player": "锐斌",
      "number": "20",
      "value": 3
    },
    {
      "timestamp": 1767614185832,
      "period": 1,
      "gameTime": 1520,
      "type": "foul",
      "team": "黑队",
      "player": "锐斌",
      "number": "20",
      "value": 1
    },
    {
      "timestamp": 1767614216065,
      "period": 1,
      "gameTime": 1550,
      "type": "score",
      "team": "红队",
      "player": "鹏东",
      "number": "22",
      "value": 1
    },
    {
      "timestamp": 1767614233548,
      "period": 1,
      "gameTime": 1568,
      "type": "score",
      "team": "黑队",
      "player": "屹剑",
      "number": "33",
      "value": 3
    },
    {
      "timestamp": 1767614235032,
      "period": 1,
      "gameTime": 0,
      "type": "game-pause",
      "team": "",
      "player": "比赛",
      "number": "",
      "value": null
    },
    {
      "timestamp": 1767614235748,
      "period": 2,
      "gameTime": 0,
      "type": "period-change",
      "team": "",
      "player": "",
      "number": "",
      "value": 2
    },
    {
      "timestamp": 1767614282031,
      "period": 2,
      "gameTime": 0,
      "type": "sub-out",
      "team": "黑队",
      "player": "志滨",
      "number": "13",
      "value": null
    },
    {
      "timestamp": 1767614282815,
      "period": 2,
      "gameTime": 0,
      "type": "sub-in",
      "team": "黑队",
      "player": "李陈超",
      "number": "9",
      "value": null
    },
    {
      "timestamp": 1767614284482,
      "period": 2,
      "gameTime": 0,
      "type": "sub-out",
      "team": "黑队",
      "player": "文灏",
      "number": "2",
      "value": null
    },
    {
      "timestamp": 1767614286351,
      "period": 2,
      "gameTime": 0,
      "type": "sub-in",
      "team": "黑队",
      "player": "庆敏",
      "number": "8",
      "value": null
    },
    {
      "timestamp": 1767614357282,
      "period": 2,
      "gameTime": 0,
      "type": "sub-out",
      "team": "红队",
      "player": "龙腾",
      "number": "16",
      "value": null
    },
    {
      "timestamp": 1767614363083,
      "period": 2,
      "gameTime": 0,
      "type": "sub-out",
      "team": "红队",
      "player": "张铖",
      "number": "34",
      "value": null
    },
    {
      "timestamp": 1767614364399,
      "period": 2,
      "gameTime": 0,
      "type": "sub-in",
      "team": "红队",
      "player": "爱文",
      "number": "5",
      "value": null
    },
    {
      "timestamp": 1767614366316,
      "period": 2,
      "gameTime": 0,
      "type": "sub-in",
      "team": "红队",
      "player": "诗胜",
      "number": "6",
      "value": null
    },
    {
      "timestamp": 1767614384716,
      "period": 2,
      "gameTime": 1719,
      "type": "game-start",
      "team": "",
      "player": "比赛",
      "number": "",
      "value": null
    },
    {
      "timestamp": 1767614393066,
      "period": 2,
      "gameTime": 1727,
      "type": "sub-out",
      "team": "黑队",
      "player": "屹剑",
      "number": "33",
      "value": null
    },
    {
      "timestamp": 1767614394050,
      "period": 2,
      "gameTime": 1728,
      "type": "sub-in",
      "team": "黑队",
      "player": "晓涛",
      "number": "00",
      "value": null
    },
    {
      "timestamp": 1767614403716,
      "period": 2,
      "gameTime": 1738,
      "type": "score",
      "team": "黑队",
      "player": "锐斌",
      "number": "20",
      "value": 3
    },
    {
      "timestamp": 1767614414934,
      "period": 2,
      "gameTime": 1749,
      "type": "score",
      "team": "红队",
      "player": "诗胜",
      "number": "6",
      "value": 2
    },
    {
      "timestamp": 1767614433250,
      "period": 2,
      "gameTime": 1767,
      "type": "foul",
      "team": "红队",
      "player": "爱文",
      "number": "5",
      "value": 1
    },
    {
      "timestamp": 1767614450667,
      "period": 2,
      "gameTime": 1785,
      "type": "score",
      "team": "黑队",
      "player": "李陈超",
      "number": "9",
      "value": 1
    },
    {
      "timestamp": 1767614461417,
      "period": 2,
      "gameTime": 1795,
      "type": "score",
      "team": "黑队",
      "player": "李陈超",
      "number": "9",
      "value": 1
    },
    {
      "timestamp": 1767614517684,
      "period": 2,
      "gameTime": 1852,
      "type": "score",
      "team": "红队",
      "player": "诗胜",
      "number": "6",
      "value": 2
    },
    {
      "timestamp": 1767614556785,
      "period": 2,
      "gameTime": 1891,
      "type": "score",
      "team": "红队",
      "player": "鹏东",
      "number": "22",
      "value": 2
    },
    {
      "timestamp": 1767614588920,
      "period": 2,
      "gameTime": 1923,
      "type": "score",
      "team": "红队",
      "player": "楚放",
      "number": "3",
      "value": 2
    },
    {
      "timestamp": 1767614646052,
      "period": 2,
      "gameTime": 1980,
      "type": "score",
      "team": "黑队",
      "player": "祝程",
      "number": "10",
      "value": 2
    },
    {
      "timestamp": 1767614688536,
      "period": 2,
      "gameTime": 2023,
      "type": "score",
      "team": "黑队",
      "player": "晓涛",
      "number": "00",
      "value": 2
    },
    {
      "timestamp": 1767614701354,
      "period": 2,
      "gameTime": 2035,
      "type": "score",
      "team": "红队",
      "player": "钲烨",
      "number": "77",
      "value": 3
    },
    {
      "timestamp": 1767614726687,
      "period": 2,
      "gameTime": 2061,
      "type": "score",
      "team": "黑队",
      "player": "祝程",
      "number": "10",
      "value": 2
    },
    {
      "timestamp": 1767614835507,
      "period": 2,
      "gameTime": 2169,
      "type": "score",
      "team": "红队",
      "player": "钲烨",
      "number": "77",
      "value": 2
    },
    {
      "timestamp": 1767614853473,
      "period": 2,
      "gameTime": 2187,
      "type": "foul",
      "team": "红队",
      "player": "诗胜",
      "number": "6",
      "value": 1
    },
    {
      "timestamp": 1767614857372,
      "period": 2,
      "gameTime": 2191,
      "type": "foul",
      "team": "红队",
      "player": "诗胜",
      "number": "6",
      "value": -1
    },
    {
      "timestamp": 1767614858439,
      "period": 2,
      "gameTime": 2192,
      "type": "foul",
      "team": "红队",
      "player": "楚放",
      "number": "3",
      "value": 1
    },
    {
      "timestamp": 1767614881655,
      "period": 2,
      "gameTime": 2216,
      "type": "foul",
      "team": "红队",
      "player": "钲烨",
      "number": "77",
      "value": 1
    },
    {
      "timestamp": 1767614896255,
      "period": 2,
      "gameTime": 2230,
      "type": "score",
      "team": "黑队",
      "player": "庆敏",
      "number": "8",
      "value": 1
    },
    {
      "timestamp": 1767614908440,
      "period": 2,
      "gameTime": 2242,
      "type": "score",
      "team": "黑队",
      "player": "庆敏",
      "number": "8",
      "value": 1
    },
    {
      "timestamp": 1767614933173,
      "period": 2,
      "gameTime": 2267,
      "type": "sub-out",
      "team": "红队",
      "player": "钲烨",
      "number": "77",
      "value": null
    },
    {
      "timestamp": 1767614935739,
      "period": 2,
      "gameTime": 2270,
      "type": "sub-in",
      "team": "红队",
      "player": "廖程",
      "number": "23",
      "value": null
    },
    {
      "timestamp": 1767614987424,
      "period": 2,
      "gameTime": 2321,
      "type": "foul",
      "team": "红队",
      "player": "楚放",
      "number": "3",
      "value": 1
    },
    {
      "timestamp": 1767614989889,
      "period": 2,
      "gameTime": 2324,
      "type": "score",
      "team": "黑队",
      "player": "祝程",
      "number": "10",
      "value": 2
    },
    {
      "timestamp": 1767614994524,
      "period": 2,
      "gameTime": 2329,
      "type": "sub-out",
      "team": "红队",
      "player": "楚放",
      "number": "3",
      "value": null
    },
    {
      "timestamp": 1767614997523,
      "period": 2,
      "gameTime": 2332,
      "type": "sub-in",
      "team": "红队",
      "player": "烟佬",
      "number": "4",
      "value": null
    },
    {
      "timestamp": 1767615001107,
      "period": 2,
      "gameTime": 2335,
      "type": "sub-out",
      "team": "红队",
      "player": "鹏东",
      "number": "22",
      "value": null
    },
    {
      "timestamp": 1767615003240,
      "period": 2,
      "gameTime": 2337,
      "type": "sub-in",
      "team": "红队",
      "player": "🐶哥",
      "number": "96",
      "value": null
    },
    {
      "timestamp": 1767615025940,
      "period": 2,
      "gameTime": 2360,
      "type": "score",
      "team": "红队",
      "player": "诗胜",
      "number": "6",
      "value": 2
    },
    {
      "timestamp": 1767615045395,
      "period": 2,
      "gameTime": 2379,
      "type": "score",
      "team": "黑队",
      "player": "庆敏",
      "number": "8",
      "value": 2
    },
    {
      "timestamp": 1767615063340,
      "period": 2,
      "gameTime": 2397,
      "type": "score",
      "team": "红队",
      "player": "烟佬",
      "number": "4",
      "value": 3
    },
    {
      "timestamp": 1767615080090,
      "period": 2,
      "gameTime": 2414,
      "type": "score",
      "team": "黑队",
      "player": "祝程",
      "number": "10",
      "value": 2
    },
    {
      "timestamp": 1767615095424,
      "period": 2,
      "gameTime": 2429,
      "type": "score",
      "team": "红队",
      "player": "爱文",
      "number": "5",
      "value": 2
    },
    {
      "timestamp": 1767615116058,
      "period": 2,
      "gameTime": 2450,
      "type": "score",
      "team": "黑队",
      "player": "庆敏",
      "number": "8",
      "value": 2
    },
    {
      "timestamp": 1767615187227,
      "period": 2,
      "gameTime": 2521,
      "type": "score",
      "team": "红队",
      "player": "烟佬",
      "number": "4",
      "value": 3
    },
    {
      "timestamp": 1767615206826,
      "period": 2,
      "gameTime": 2541,
      "type": "score",
      "team": "红队",
      "player": "爱文",
      "number": "5",
      "value": 2
    },
    {
      "timestamp": 1767615208344,
      "period": 2,
      "gameTime": 0,
      "type": "game-pause",
      "team": "",
      "player": "比赛",
      "number": "",
      "value": null
    },
    {
      "timestamp": 1767615312093,
      "period": 2,
      "gameTime": 0,
      "type": "sub-out",
      "team": "黑队",
      "player": "庆敏",
      "number": "8",
      "value": null
    },
    {
      "timestamp": 1767615313860,
      "period": 2,
      "gameTime": 0,
      "type": "sub-in",
      "team": "黑队",
      "player": "文灏",
      "number": "2",
      "value": null
    },
    {
      "timestamp": 1767615315013,
      "period": 2,
      "gameTime": 0,
      "type": "sub-out",
      "team": "黑队",
      "player": "李陈超",
      "number": "9",
      "value": null
    },
    {
      "timestamp": 1767615315960,
      "period": 2,
      "gameTime": 0,
      "type": "sub-in",
      "team": "黑队",
      "player": "志滨",
      "number": "13",
      "value": null
    },
    {
      "timestamp": 1767615322728,
      "period": 2,
      "gameTime": 2657,
      "type": "game-start",
      "team": "",
      "player": "比赛",
      "number": "",
      "value": null
    },
    {
      "timestamp": 1767615324743,
      "period": 2,
      "gameTime": 2659,
      "type": "foul",
      "team": "黑队",
      "player": "志滨",
      "number": "13",
      "value": 1
    },
    {
      "timestamp": 1767615339146,
      "period": 2,
      "gameTime": 2673,
      "type": "score",
      "team": "红队",
      "player": "爱文",
      "number": "5",
      "value": 2
    },
    {
      "timestamp": 1767615340211,
      "period": 2,
      "gameTime": 2674,
      "type": "score",
      "team": "红队",
      "player": "爱文",
      "number": "5",
      "value": 1
    },
    {
      "timestamp": 1767615345143,
      "period": 2,
      "gameTime": 2679,
      "type": "score",
      "team": "黑队",
      "player": "晓涛",
      "number": "00",
      "value": 2
    },
    {
      "timestamp": 1767615397879,
      "period": 2,
      "gameTime": 2732,
      "type": "foul",
      "team": "黑队",
      "player": "晓涛",
      "number": "00",
      "value": 1
    },
    {
      "timestamp": 1767615418329,
      "period": 2,
      "gameTime": 2752,
      "type": "score",
      "team": "黑队",
      "player": "晓涛",
      "number": "00",
      "value": 2
    },
    {
      "timestamp": 1767615448411,
      "period": 2,
      "gameTime": 2782,
      "type": "score",
      "team": "红队",
      "player": "爱文",
      "number": "5",
      "value": 2
    },
    {
      "timestamp": 1767615479613,
      "period": 2,
      "gameTime": 2814,
      "type": "foul",
      "team": "红队",
      "player": "爱文",
      "number": "5",
      "value": 1
    },
    {
      "timestamp": 1767615522946,
      "period": 2,
      "gameTime": 2857,
      "type": "score",
      "team": "红队",
      "player": "廖程",
      "number": "23",
      "value": 2
    },
    {
      "timestamp": 1767615528315,
      "period": 2,
      "gameTime": 2862,
      "type": "foul",
      "team": "红队",
      "player": "爱文",
      "number": "5",
      "value": -1
    },
    {
      "timestamp": 1767615552129,
      "period": 2,
      "gameTime": 2886,
      "type": "score",
      "team": "红队",
      "player": "烟佬",
      "number": "4",
      "value": 2
    },
    {
      "timestamp": 1767615558480,
      "period": 2,
      "gameTime": 2892,
      "type": "foul",
      "team": "黑队",
      "player": "晓涛",
      "number": "00",
      "value": 1
    },
    {
      "timestamp": 1767615572848,
      "period": 2,
      "gameTime": 2907,
      "type": "score",
      "team": "红队",
      "player": "烟佬",
      "number": "4",
      "value": 1
    },
    {
      "timestamp": 1767615593415,
      "period": 2,
      "gameTime": 2927,
      "type": "sub-out",
      "team": "红队",
      "player": "爱文",
      "number": "5",
      "value": null
    },
    {
      "timestamp": 1767615595114,
      "period": 2,
      "gameTime": 2929,
      "type": "sub-in",
      "team": "红队",
      "player": "钲烨",
      "number": "77",
      "value": null
    },
    {
      "timestamp": 1767615606847,
      "period": 2,
      "gameTime": 2941,
      "type": "sub-out",
      "team": "红队",
      "player": "诗胜",
      "number": "6",
      "value": null
    },
    {
      "timestamp": 1767615609466,
      "period": 2,
      "gameTime": 2943,
      "type": "sub-in",
      "team": "红队",
      "player": "张铖",
      "number": "34",
      "value": null
    },
    {
      "timestamp": 1767615677665,
      "period": 2,
      "gameTime": 3012,
      "type": "score",
      "team": "黑队",
      "player": "晓涛",
      "number": "00",
      "value": 2
    },
    {
      "timestamp": 1767615683968,
      "period": 2,
      "gameTime": 3018,
      "type": "sub-out",
      "team": "黑队",
      "player": "祝程",
      "number": "10",
      "value": null
    },
    {
      "timestamp": 1767615685133,
      "period": 2,
      "gameTime": 3019,
      "type": "sub-in",
      "team": "黑队",
      "player": "屹剑",
      "number": "33",
      "value": null
    },
    {
      "timestamp": 1767615716300,
      "period": 2,
      "gameTime": 3050,
      "type": "sub-out",
      "team": "红队",
      "player": "廖程",
      "number": "23",
      "value": null
    },
    {
      "timestamp": 1767615717466,
      "period": 2,
      "gameTime": 3051,
      "type": "sub-in",
      "team": "红队",
      "player": "龙腾",
      "number": "16",
      "value": null
    },
    {
      "timestamp": 1767615761449,
      "period": 2,
      "gameTime": 3095,
      "type": "score",
      "team": "红队",
      "player": "龙腾",
      "number": "16",
      "value": 2
    },
    {
      "timestamp": 1767615799636,
      "period": 2,
      "gameTime": 3134,
      "type": "score",
      "team": "红队",
      "player": "龙腾",
      "number": "16",
      "value": 2
    },
    {
      "timestamp": 1767615830868,
      "period": 2,
      "gameTime": 3165,
      "type": "sub-out",
      "team": "黑队",
      "player": "文灏",
      "number": "2",
      "value": null
    },
    {
      "timestamp": 1767615832417,
      "period": 2,
      "gameTime": 3166,
      "type": "sub-out",
      "team": "黑队",
      "player": "锐斌",
      "number": "20",
      "value": null
    },
    {
      "timestamp": 1767615836652,
      "period": 2,
      "gameTime": 3171,
      "type": "sub-out",
      "team": "黑队",
      "player": "晓涛",
      "number": "00",
      "value": null
    },
    {
      "timestamp": 1767615837818,
      "period": 2,
      "gameTime": 3172,
      "type": "sub-in",
      "team": "黑队",
      "player": "庆敏",
      "number": "8",
      "value": null
    },
    {
      "timestamp": 1767615841884,
      "period": 2,
      "gameTime": 3176,
      "type": "sub-in",
      "team": "黑队",
      "player": "祝程",
      "number": "10",
      "value": null
    },
    {
      "timestamp": 1767615843134,
      "period": 2,
      "gameTime": 3177,
      "type": "sub-in",
      "team": "黑队",
      "player": "李陈超",
      "number": "9",
      "value": null
    },
    {
      "timestamp": 1767615845935,
      "period": 2,
      "gameTime": 3180,
      "type": "sub-out",
      "team": "红队",
      "player": "龙腾",
      "number": "16",
      "value": null
    },
    {
      "timestamp": 1767615846101,
      "period": 2,
      "gameTime": 3180,
      "type": "sub-out",
      "team": "红队",
      "player": "张铖",
      "number": "34",
      "value": null
    },
    {
      "timestamp": 1767615846268,
      "period": 2,
      "gameTime": 3180,
      "type": "sub-out",
      "team": "红队",
      "player": "🐶哥",
      "number": "96",
      "value": null
    },
    {
      "timestamp": 1767615846438,
      "period": 2,
      "gameTime": 3180,
      "type": "sub-out",
      "team": "红队",
      "player": "钲烨",
      "number": "77",
      "value": null
    },
    {
      "timestamp": 1767615846604,
      "period": 2,
      "gameTime": 3181,
      "type": "sub-out",
      "team": "红队",
      "player": "烟佬",
      "number": "4",
      "value": null
    },
    {
      "timestamp": 1767615847853,
      "period": 2,
      "gameTime": 3182,
      "type": "sub-in",
      "team": "红队",
      "player": "楚放",
      "number": "3",
      "value": null
    },
    {
      "timestamp": 1767615851401,
      "period": 2,
      "gameTime": 3185,
      "type": "sub-in",
      "team": "红队",
      "player": "龙腾",
      "number": "16",
      "value": null
    },
    {
      "timestamp": 1767615855703,
      "period": 2,
      "gameTime": 3190,
      "type": "sub-in",
      "team": "红队",
      "player": "钲烨",
      "number": "77",
      "value": null
    },
    {
      "timestamp": 1767615862051,
      "period": 2,
      "gameTime": 3196,
      "type": "sub-in",
      "team": "红队",
      "player": "🐶哥",
      "number": "96",
      "value": null
    },
    {
      "timestamp": 1767615863334,
      "period": 2,
      "gameTime": 3197,
      "type": "sub-in",
      "team": "红队",
      "player": "鹏东",
      "number": "22",
      "value": null
    },
    {
      "timestamp": 1767615877384,
      "period": 2,
      "gameTime": 3211,
      "type": "foul",
      "team": "红队",
      "player": "楚放",
      "number": "3",
      "value": 1
    },
    {
      "timestamp": 1767615891437,
      "period": 2,
      "gameTime": 3225,
      "type": "score",
      "team": "黑队",
      "player": "志滨",
      "number": "13",
      "value": 1
    },
    {
      "timestamp": 1767615925868,
      "period": 2,
      "gameTime": 3260,
      "type": "score",
      "team": "黑队",
      "player": "庆敏",
      "number": "8",
      "value": 2
    },
    {
      "timestamp": 1767615960703,
      "period": 2,
      "gameTime": 3295,
      "type": "score",
      "team": "黑队",
      "player": "屹剑",
      "number": "33",
      "value": 2
    },
    {
      "timestamp": 1767616000802,
      "period": 2,
      "gameTime": 3335,
      "type": "foul",
      "team": "黑队",
      "player": "庆敏",
      "number": "8",
      "value": 1
    },
    {
      "timestamp": 1767616021988,
      "period": 2,
      "gameTime": 3356,
      "type": "sub-out",
      "team": "红队",
      "player": "🐶哥",
      "number": "96",
      "value": null
    },
    {
      "timestamp": 1767616022970,
      "period": 2,
      "gameTime": 3357,
      "type": "sub-in",
      "team": "红队",
      "player": "诗胜",
      "number": "6",
      "value": null
    },
    {
      "timestamp": 1767616039220,
      "period": 2,
      "gameTime": 3373,
      "type": "score",
      "team": "红队",
      "player": "诗胜",
      "number": "6",
      "value": 2
    },
    {
      "timestamp": 1767616057171,
      "period": 2,
      "gameTime": 3391,
      "type": "score",
      "team": "黑队",
      "player": "庆敏",
      "number": "8",
      "value": 2
    },
    {
      "timestamp": 1767616066603,
      "period": 2,
      "gameTime": 3401,
      "type": "foul",
      "team": "红队",
      "player": "龙腾",
      "number": "16",
      "value": 1
    },
    {
      "timestamp": 1767616089837,
      "period": 2,
      "gameTime": 0,
      "type": "game-pause",
      "team": "",
      "player": "比赛",
      "number": "",
      "value": null
    },
    {
      "timestamp": 1767616090554,
      "period": 3,
      "gameTime": 0,
      "type": "period-change",
      "team": "",
      "player": "",
      "number": "",
      "value": 3
    },
    {
      "timestamp": 1767616258039,
      "period": 3,
      "gameTime": 0,
      "type": "sub-out",
      "team": "黑队",
      "player": "志滨",
      "number": "13",
      "value": null
    },
    {
      "timestamp": 1767616270189,
      "period": 3,
      "gameTime": 0,
      "type": "sub-in",
      "team": "黑队",
      "player": "锐斌",
      "number": "20",
      "value": null
    },
    {
      "timestamp": 1767616271539,
      "period": 3,
      "gameTime": 0,
      "type": "sub-out",
      "team": "红队",
      "player": "楚放",
      "number": "3",
      "value": null
    },
    {
      "timestamp": 1767616274156,
      "period": 3,
      "gameTime": 0,
      "type": "sub-in",
      "team": "红队",
      "player": "楚放",
      "number": "3",
      "value": null
    },
    {
      "timestamp": 1767616284106,
      "period": 3,
      "gameTime": 0,
      "type": "sub-out",
      "team": "红队",
      "player": "钲烨",
      "number": "77",
      "value": null
    },
    {
      "timestamp": 1767616286542,
      "period": 3,
      "gameTime": 0,
      "type": "sub-in",
      "team": "红队",
      "player": "烟佬",
      "number": "4",
      "value": null
    },
    {
      "timestamp": 1767616287356,
      "period": 3,
      "gameTime": 3621,
      "type": "game-start",
      "team": "",
      "player": "比赛",
      "number": "",
      "value": null
    },
    {
      "timestamp": 1767616290673,
      "period": 3,
      "gameTime": 3625,
      "type": "sub-out",
      "team": "红队",
      "player": "楚放",
      "number": "3",
      "value": null
    },
    {
      "timestamp": 1767616291522,
      "period": 3,
      "gameTime": 3626,
      "type": "sub-in",
      "team": "红队",
      "player": "爱文",
      "number": "5",
      "value": null
    },
    {
      "timestamp": 1767616296941,
      "period": 3,
      "gameTime": 3631,
      "type": "sub-out",
      "team": "红队",
      "player": "诗胜",
      "number": "6",
      "value": null
    },
    {
      "timestamp": 1767616297975,
      "period": 3,
      "gameTime": 3632,
      "type": "sub-in",
      "team": "红队",
      "player": "张铖",
      "number": "34",
      "value": null
    },
    {
      "timestamp": 1767616317991,
      "period": 3,
      "gameTime": 3652,
      "type": "score",
      "team": "红队",
      "player": "鹏东",
      "number": "22",
      "value": 3
    },
    {
      "timestamp": 1767616354890,
      "period": 3,
      "gameTime": 3689,
      "type": "sub-out",
      "team": "红队",
      "player": "张铖",
      "number": "34",
      "value": null
    },
    {
      "timestamp": 1767616356191,
      "period": 3,
      "gameTime": 3690,
      "type": "sub-in",
      "team": "红队",
      "player": "诗胜",
      "number": "6",
      "value": null
    },
    {
      "timestamp": 1767616358224,
      "period": 3,
      "gameTime": 3692,
      "type": "score",
      "team": "红队",
      "player": "诗胜",
      "number": "6",
      "value": 2
    },
    {
      "timestamp": 1767616361540,
      "period": 3,
      "gameTime": 3696,
      "type": "sub-out",
      "team": "红队",
      "player": "诗胜",
      "number": "6",
      "value": null
    },
    {
      "timestamp": 1767616362692,
      "period": 3,
      "gameTime": 3697,
      "type": "sub-in",
      "team": "红队",
      "player": "张铖",
      "number": "34",
      "value": null
    },
    {
      "timestamp": 1767616371907,
      "period": 3,
      "gameTime": 3706,
      "type": "score",
      "team": "红队",
      "player": "烟佬",
      "number": "4",
      "value": 2
    },
    {
      "timestamp": 1767616392176,
      "period": 3,
      "gameTime": 0,
      "type": "game-pause",
      "team": "",
      "player": "比赛",
      "number": "",
      "value": null
    },
    {
      "timestamp": 1767616397358,
      "period": 3,
      "gameTime": 0,
      "type": "sub-out",
      "team": "红队",
      "player": "张铖",
      "number": "34",
      "value": null
    },
    {
      "timestamp": 1767616398274,
      "period": 3,
      "gameTime": 0,
      "type": "sub-in",
      "team": "红队",
      "player": "诗胜",
      "number": "6",
      "value": null
    },
    {
      "timestamp": 1767616441176,
      "period": 3,
      "gameTime": 3775,
      "type": "game-start",
      "team": "",
      "player": "比赛",
      "number": "",
      "value": null
    },
    {
      "timestamp": 1767616451808,
      "period": 3,
      "gameTime": 3786,
      "type": "score",
      "team": "红队",
      "player": "鹏东",
      "number": "22",
      "value": 2
    },
    {
      "timestamp": 1767616477375,
      "period": 3,
      "gameTime": 3811,
      "type": "foul",
      "team": "红队",
      "player": "爱文",
      "number": "5",
      "value": 1
    },
    {
      "timestamp": 1767616506225,
      "period": 3,
      "gameTime": 3840,
      "type": "score",
      "team": "黑队",
      "player": "屹剑",
      "number": "33",
      "value": 1
    },
    {
      "timestamp": 1767616514826,
      "period": 3,
      "gameTime": 3849,
      "type": "score",
      "team": "黑队",
      "player": "屹剑",
      "number": "33",
      "value": 1
    },
    {
      "timestamp": 1767616538092,
      "period": 3,
      "gameTime": 3872,
      "type": "foul",
      "team": "红队",
      "player": "诗胜",
      "number": "6",
      "value": 1
    },
    {
      "timestamp": 1767616602011,
      "period": 3,
      "gameTime": 3936,
      "type": "score",
      "team": "红队",
      "player": "烟佬",
      "number": "4",
      "value": 3
    },
    {
      "timestamp": 1767616629260,
      "period": 3,
      "gameTime": 3963,
      "type": "score",
      "team": "黑队",
      "player": "庆敏",
      "number": "8",
      "value": 2
    },
    {
      "timestamp": 1767616657244,
      "period": 3,
      "gameTime": 3991,
      "type": "score",
      "team": "黑队",
      "player": "李陈超",
      "number": "9",
      "value": 2
    },
    {
      "timestamp": 1767616664494,
      "period": 3,
      "gameTime": 3998,
      "type": "score",
      "team": "红队",
      "player": "烟佬",
      "number": "4",
      "value": 2
    },
    {
      "timestamp": 1767616682678,
      "period": 3,
      "gameTime": 4017,
      "type": "score",
      "team": "黑队",
      "player": "锐斌",
      "number": "20",
      "value": 3
    },
    {
      "timestamp": 1767616711378,
      "period": 3,
      "gameTime": 4045,
      "type": "score",
      "team": "黑队",
      "player": "屹剑",
      "number": "33",
      "value": 2
    },
    {
      "timestamp": 1767616739579,
      "period": 3,
      "gameTime": 4074,
      "type": "score",
      "team": "黑队",
      "player": "李陈超",
      "number": "9",
      "value": 2
    },
    {
      "timestamp": 1767616791612,
      "period": 3,
      "gameTime": 4126,
      "type": "foul",
      "team": "红队",
      "player": "鹏东",
      "number": "22",
      "value": 1
    },
    {
      "timestamp": 1767616796395,
      "period": 3,
      "gameTime": 4130,
      "type": "sub-out",
      "team": "红队",
      "player": "烟佬",
      "number": "4",
      "value": null
    },
    {
      "timestamp": 1767616797413,
      "period": 3,
      "gameTime": 4131,
      "type": "sub-in",
      "team": "红队",
      "player": "楚放",
      "number": "3",
      "value": null
    },
    {
      "timestamp": 1767616810713,
      "period": 3,
      "gameTime": 4145,
      "type": "sub-out",
      "team": "红队",
      "player": "龙腾",
      "number": "16",
      "value": null
    },
    {
      "timestamp": 1767616813779,
      "period": 3,
      "gameTime": 4148,
      "type": "sub-in",
      "team": "红队",
      "player": "廖程",
      "number": "23",
      "value": null
    },
    {
      "timestamp": 1767616834729,
      "period": 3,
      "gameTime": 4169,
      "type": "score",
      "team": "黑队",
      "player": "祝程",
      "number": "10",
      "value": 2
    },
    {
      "timestamp": 1767616847896,
      "period": 3,
      "gameTime": 4182,
      "type": "foul",
      "team": "黑队",
      "player": "庆敏",
      "number": "8",
      "value": 1
    },
    {
      "timestamp": 1767616886413,
      "period": 3,
      "gameTime": 4220,
      "type": "score",
      "team": "红队",
      "player": "诗胜",
      "number": "6",
      "value": 1
    },
    {
      "timestamp": 1767616897313,
      "period": 3,
      "gameTime": 4231,
      "type": "score",
      "team": "黑队",
      "player": "屹剑",
      "number": "33",
      "value": 3
    },
    {
      "timestamp": 1767616930332,
      "period": 3,
      "gameTime": 4264,
      "type": "foul",
      "team": "黑队",
      "player": "庆敏",
      "number": "8",
      "value": 1
    },
    {
      "timestamp": 1767616983147,
      "period": 3,
      "gameTime": 4317,
      "type": "score",
      "team": "黑队",
      "player": "祝程",
      "number": "10",
      "value": 2
    },
    {
      "timestamp": 1767617024931,
      "period": 3,
      "gameTime": 4359,
      "type": "score",
      "team": "红队",
      "player": "诗胜",
      "number": "6",
      "value": 2
    },
    {
      "timestamp": 1767617050467,
      "period": 3,
      "gameTime": 4384,
      "type": "score",
      "team": "黑队",
      "player": "李陈超",
      "number": "9",
      "value": 2
    },
    {
      "timestamp": 1767617071115,
      "period": 3,
      "gameTime": 0,
      "type": "game-pause",
      "team": "",
      "player": "比赛",
      "number": "",
      "value": null
    },
    {
      "timestamp": 1767617116816,
      "period": 3,
      "gameTime": 0,
      "type": "sub-out",
      "team": "红队",
      "player": "廖程",
      "number": "23",
      "value": null
    },
    {
      "timestamp": 1767617117832,
      "period": 3,
      "gameTime": 0,
      "type": "sub-in",
      "team": "红队",
      "player": "张铖",
      "number": "34",
      "value": null
    },
    {
      "timestamp": 1767617120666,
      "period": 3,
      "gameTime": 4455,
      "type": "game-start",
      "team": "",
      "player": "比赛",
      "number": "",
      "value": null
    },
    {
      "timestamp": 1767617127216,
      "period": 3,
      "gameTime": 4461,
      "type": "sub-out",
      "team": "黑队",
      "player": "李陈超",
      "number": "9",
      "value": null
    },
    {
      "timestamp": 1767617129683,
      "period": 3,
      "gameTime": 4464,
      "type": "sub-out",
      "team": "黑队",
      "player": "庆敏",
      "number": "8",
      "value": null
    },
    {
      "timestamp": 1767617130416,
      "period": 3,
      "gameTime": 4464,
      "type": "sub-in",
      "team": "黑队",
      "player": "晓涛",
      "number": "00",
      "value": null
    },
    {
      "timestamp": 1767617133783,
      "period": 3,
      "gameTime": 4468,
      "type": "sub-in",
      "team": "黑队",
      "player": "文灏",
      "number": "2",
      "value": null
    },
    {
      "timestamp": 1767617138749,
      "period": 3,
      "gameTime": 4473,
      "type": "sub-out",
      "team": "黑队",
      "player": "锐斌",
      "number": "20",
      "value": null
    },
    {
      "timestamp": 1767617141235,
      "period": 3,
      "gameTime": 4475,
      "type": "sub-in",
      "team": "黑队",
      "player": "志滨",
      "number": "13",
      "value": null
    },
    {
      "timestamp": 1767617169266,
      "period": 3,
      "gameTime": 4503,
      "type": "foul",
      "team": "黑队",
      "player": "屹剑",
      "number": "33",
      "value": 1
    },
    {
      "timestamp": 1767617210433,
      "period": 3,
      "gameTime": 4544,
      "type": "score",
      "team": "黑队",
      "player": "祝程",
      "number": "10",
      "value": 2
    },
    {
      "timestamp": 1767617284367,
      "period": 3,
      "gameTime": 4618,
      "type": "foul",
      "team": "黑队",
      "player": "志滨",
      "number": "13",
      "value": 1
    },
    {
      "timestamp": 1767617306051,
      "period": 3,
      "gameTime": 4640,
      "type": "score",
      "team": "红队",
      "player": "诗胜",
      "number": "6",
      "value": 1
    },
    {
      "timestamp": 1767617347885,
      "period": 3,
      "gameTime": 4682,
      "type": "score",
      "team": "红队",
      "player": "爱文",
      "number": "5",
      "value": 2
    },
    {
      "timestamp": 1767617375520,
      "period": 3,
      "gameTime": 4710,
      "type": "score",
      "team": "黑队",
      "player": "晓涛",
      "number": "00",
      "value": 2
    },
    {
      "timestamp": 1767617393586,
      "period": 3,
      "gameTime": 4728,
      "type": "score",
      "team": "红队",
      "player": "张铖",
      "number": "34",
      "value": 2
    },
    {
      "timestamp": 1767617406736,
      "period": 3,
      "gameTime": 4741,
      "type": "score",
      "team": "黑队",
      "player": "志滨",
      "number": "13",
      "value": 2
    },
    {
      "timestamp": 1767617428002,
      "period": 3,
      "gameTime": 4762,
      "type": "score",
      "team": "黑队",
      "player": "祝程",
      "number": "10",
      "value": 2
    },
    {
      "timestamp": 1767617429520,
      "period": 3,
      "gameTime": 0,
      "type": "game-pause",
      "team": "",
      "player": "比赛",
      "number": "",
      "value": null
    },
    {
      "timestamp": 1767617505822,
      "period": 3,
      "gameTime": 0,
      "type": "sub-out",
      "team": "黑队",
      "player": "屹剑",
      "number": "33",
      "value": null
    },
    {
      "timestamp": 1767617506671,
      "period": 3,
      "gameTime": 0,
      "type": "sub-in",
      "team": "黑队",
      "player": "锐斌",
      "number": "20",
      "value": null
    },
    {
      "timestamp": 1767617522071,
      "period": 3,
      "gameTime": 4856,
      "type": "game-start",
      "team": "",
      "player": "比赛",
      "number": "",
      "value": null
    },
    {
      "timestamp": 1767617524520,
      "period": 3,
      "gameTime": 4859,
      "type": "score",
      "team": "红队",
      "player": "鹏东",
      "number": "22",
      "value": 2
    },
    {
      "timestamp": 1767617540269,
      "period": 3,
      "gameTime": 4874,
      "type": "foul",
      "team": "红队",
      "player": "诗胜",
      "number": "6",
      "value": 1
    },
    {
      "timestamp": 1767617570618,
      "period": 3,
      "gameTime": 4905,
      "type": "foul",
      "team": "红队",
      "player": "张铖",
      "number": "34",
      "value": 1
    },
    {
      "timestamp": 1767617588635,
      "period": 3,
      "gameTime": 4923,
      "type": "score",
      "team": "黑队",
      "player": "祝程",
      "number": "10",
      "value": 1
    },
    {
      "timestamp": 1767617597734,
      "period": 3,
      "gameTime": 4932,
      "type": "score",
      "team": "黑队",
      "player": "祝程",
      "number": "10",
      "value": 1
    },
    {
      "timestamp": 1767617631518,
      "period": 3,
      "gameTime": 4966,
      "type": "score",
      "team": "黑队",
      "player": "锐斌",
      "number": "20",
      "value": 2
    },
    {
      "timestamp": 1767617632820,
      "period": 3,
      "gameTime": 0,
      "type": "game-pause",
      "team": "",
      "player": "比赛",
      "number": "",
      "value": null
    },
    {
      "timestamp": 1767617633487,
      "period": 4,
      "gameTime": 0,
      "type": "period-change",
      "team": "",
      "player": "",
      "number": "",
      "value": 4
    },
    {
      "timestamp": 1767617676752,
      "period": 4,
      "gameTime": 0,
      "type": "sub-out",
      "team": "红队",
      "player": "楚放",
      "number": "3",
      "value": null
    },
    {
      "timestamp": 1767617677768,
      "period": 4,
      "gameTime": 0,
      "type": "sub-in",
      "team": "红队",
      "player": "🐶哥",
      "number": "96",
      "value": null
    },
    {
      "timestamp": 1767617681618,
      "period": 4,
      "gameTime": 0,
      "type": "sub-out",
      "team": "红队",
      "player": "鹏东",
      "number": "22",
      "value": null
    },
    {
      "timestamp": 1767617682318,
      "period": 4,
      "gameTime": 0,
      "type": "sub-in",
      "team": "红队",
      "player": "龙腾",
      "number": "16",
      "value": null
    },
    {
      "timestamp": 1767617762986,
      "period": 4,
      "gameTime": 0,
      "type": "sub-out",
      "team": "红队",
      "player": "爱文",
      "number": "5",
      "value": null
    },
    {
      "timestamp": 1767617764053,
      "period": 4,
      "gameTime": 0,
      "type": "sub-in",
      "team": "红队",
      "player": "钲烨",
      "number": "77",
      "value": null
    },
    {
      "timestamp": 1767617766870,
      "period": 4,
      "gameTime": 0,
      "type": "sub-out",
      "team": "红队",
      "player": "张铖",
      "number": "34",
      "value": null
    },
    {
      "timestamp": 1767617768169,
      "period": 4,
      "gameTime": 0,
      "type": "sub-in",
      "team": "红队",
      "player": "烟佬",
      "number": "4",
      "value": null
    },
    {
      "timestamp": 1767617810204,
      "period": 4,
      "gameTime": 0,
      "type": "sub-out",
      "team": "红队",
      "player": "诗胜",
      "number": "6",
      "value": null
    },
    {
      "timestamp": 1767617811070,
      "period": 4,
      "gameTime": 0,
      "type": "sub-in",
      "team": "红队",
      "player": "楚放",
      "number": "3",
      "value": null
    },
    {
      "timestamp": 1767617815886,
      "period": 4,
      "gameTime": 5150,
      "type": "game-start",
      "team": "",
      "player": "比赛",
      "number": "",
      "value": null
    },
    {
      "timestamp": 1767617817770,
      "period": 4,
      "gameTime": 5152,
      "type": "score",
      "team": "红队",
      "player": "楚放",
      "number": "3",
      "value": 2
    },
    {
      "timestamp": 1767617823753,
      "period": 4,
      "gameTime": 5158,
      "type": "sub-out",
      "team": "黑队",
      "player": "锐斌",
      "number": "20",
      "value": null
    },
    {
      "timestamp": 1767617826689,
      "period": 4,
      "gameTime": 5161,
      "type": "sub-in",
      "team": "黑队",
      "player": "屹剑",
      "number": "33",
      "value": null
    },
    {
      "timestamp": 1767617829537,
      "period": 4,
      "gameTime": 5164,
      "type": "score",
      "team": "黑队",
      "player": "屹剑",
      "number": "33",
      "value": 2
    },
    {
      "timestamp": 1767617841622,
      "period": 4,
      "gameTime": 5176,
      "type": "sub-out",
      "team": "黑队",
      "player": "文灏",
      "number": "2",
      "value": null
    },
    {
      "timestamp": 1767617842453,
      "period": 4,
      "gameTime": 5176,
      "type": "sub-in",
      "team": "黑队",
      "player": "庆敏",
      "number": "8",
      "value": null
    },
    {
      "timestamp": 1767617846737,
      "period": 4,
      "gameTime": 5181,
      "type": "score",
      "team": "黑队",
      "player": "祝程",
      "number": "10",
      "value": 2
    },
    {
      "timestamp": 1767617882354,
      "period": 4,
      "gameTime": 5216,
      "type": "foul",
      "team": "黑队",
      "player": "祝程",
      "number": "10",
      "value": 1
    },
    {
      "timestamp": 1767617959938,
      "period": 4,
      "gameTime": 5294,
      "type": "foul",
      "team": "黑队",
      "player": "庆敏",
      "number": "8",
      "value": 1
    },
    {
      "timestamp": 1767617969655,
      "period": 4,
      "gameTime": 5304,
      "type": "foul",
      "team": "黑队",
      "player": "庆敏",
      "number": "8",
      "value": -1
    },
    {
      "timestamp": 1767617971121,
      "period": 4,
      "gameTime": 5305,
      "type": "foul",
      "team": "黑队",
      "player": "志滨",
      "number": "13",
      "value": 1
    },
    {
      "timestamp": 1767617984488,
      "period": 4,
      "gameTime": 5318,
      "type": "foul",
      "team": "黑队",
      "player": "志滨",
      "number": "13",
      "value": -1
    },
    {
      "timestamp": 1767617986155,
      "period": 4,
      "gameTime": 5320,
      "type": "foul",
      "team": "黑队",
      "player": "庆敏",
      "number": "8",
      "value": 1
    },
    {
      "timestamp": 1767617998172,
      "period": 4,
      "gameTime": 5332,
      "type": "score",
      "team": "红队",
      "player": "烟佬",
      "number": "4",
      "value": 1
    },
    {
      "timestamp": 1767617998357,
      "period": 4,
      "gameTime": 5332,
      "type": "score",
      "team": "红队",
      "player": "烟佬",
      "number": "4",
      "value": 1
    },
    {
      "timestamp": 1767618009408,
      "period": 4,
      "gameTime": 5343,
      "type": "score",
      "team": "红队",
      "player": "烟佬",
      "number": "4",
      "value": 2
    },
    {
      "timestamp": 1767618079508,
      "period": 4,
      "gameTime": 5413,
      "type": "score",
      "team": "黑队",
      "player": "祝程",
      "number": "10",
      "value": 2
    },
    {
      "timestamp": 1767618099208,
      "period": 4,
      "gameTime": 5433,
      "type": "score",
      "team": "红队",
      "player": "龙腾",
      "number": "16",
      "value": 2
    },
    {
      "timestamp": 1767618111439,
      "period": 4,
      "gameTime": 5445,
      "type": "score",
      "team": "黑队",
      "player": "屹剑",
      "number": "33",
      "value": 2
    },
    {
      "timestamp": 1767618135891,
      "period": 4,
      "gameTime": 5470,
      "type": "score",
      "team": "红队",
      "player": "烟佬",
      "number": "4",
      "value": 2
    },
    {
      "timestamp": 1767618162623,
      "period": 4,
      "gameTime": 5497,
      "type": "foul",
      "team": "黑队",
      "player": "志滨",
      "number": "13",
      "value": 1
    },
    {
      "timestamp": 1767618168090,
      "period": 4,
      "gameTime": 5502,
      "type": "sub-out",
      "team": "黑队",
      "player": "庆敏",
      "number": "8",
      "value": null
    },
    {
      "timestamp": 1767618169090,
      "period": 4,
      "gameTime": 5503,
      "type": "sub-out",
      "team": "黑队",
      "player": "志滨",
      "number": "13",
      "value": null
    },
    {
      "timestamp": 1767618169891,
      "period": 4,
      "gameTime": 5504,
      "type": "sub-in",
      "team": "黑队",
      "player": "文灏",
      "number": "2",
      "value": null
    },
    {
      "timestamp": 1767618170657,
      "period": 4,
      "gameTime": 5505,
      "type": "sub-in",
      "team": "黑队",
      "player": "李陈超",
      "number": "9",
      "value": null
    },
    {
      "timestamp": 1767618187859,
      "period": 4,
      "gameTime": 5522,
      "type": "score",
      "team": "红队",
      "player": "钲烨",
      "number": "77",
      "value": 1
    },
    {
      "timestamp": 1767618212607,
      "period": 4,
      "gameTime": 5547,
      "type": "score",
      "team": "黑队",
      "player": "晓涛",
      "number": "00",
      "value": 2
    },
    {
      "timestamp": 1767618235374,
      "period": 4,
      "gameTime": 5569,
      "type": "score",
      "team": "黑队",
      "player": "李陈超",
      "number": "9",
      "value": 2
    },
    {
      "timestamp": 1767618252259,
      "period": 4,
      "gameTime": 5586,
      "type": "score",
      "team": "红队",
      "player": "钲烨",
      "number": "77",
      "value": 2
    },
    {
      "timestamp": 1767618264341,
      "period": 4,
      "gameTime": 5598,
      "type": "score",
      "team": "黑队",
      "player": "晓涛",
      "number": "00",
      "value": 2
    },
    {
      "timestamp": 1767618283508,
      "period": 4,
      "gameTime": 5617,
      "type": "foul",
      "team": "黑队",
      "player": "文灏",
      "number": "2",
      "value": 1
    },
    {
      "timestamp": 1767618312310,
      "period": 4,
      "gameTime": 5646,
      "type": "sub-out",
      "team": "红队",
      "player": "楚放",
      "number": "3",
      "value": null
    },
    {
      "timestamp": 1767618319026,
      "period": 4,
      "gameTime": 5653,
      "type": "sub-in",
      "team": "红队",
      "player": "廖程",
      "number": "23",
      "value": null
    },
    {
      "timestamp": 1767618332159,
      "period": 4,
      "gameTime": 5666,
      "type": "score",
      "team": "红队",
      "player": "钲烨",
      "number": "77",
      "value": 1
    },
    {
      "timestamp": 1767618350261,
      "period": 4,
      "gameTime": 5684,
      "type": "score",
      "team": "红队",
      "player": "烟佬",
      "number": "4",
      "value": 2
    },
    {
      "timestamp": 1767618373459,
      "period": 4,
      "gameTime": 5707,
      "type": "score",
      "team": "黑队",
      "player": "屹剑",
      "number": "33",
      "value": 3
    },
    {
      "timestamp": 1767618402860,
      "period": 4,
      "gameTime": 5737,
      "type": "score",
      "team": "红队",
      "player": "龙腾",
      "number": "16",
      "value": 2
    },
    {
      "timestamp": 1767618408977,
      "period": 4,
      "gameTime": 5743,
      "type": "foul",
      "team": "黑队",
      "player": "李陈超",
      "number": "9",
      "value": 1
    },
    {
      "timestamp": 1767618430010,
      "period": 4,
      "gameTime": 5764,
      "type": "score",
      "team": "红队",
      "player": "龙腾",
      "number": "16",
      "value": 1
    },
    {
      "timestamp": 1767618459327,
      "period": 4,
      "gameTime": 5793,
      "type": "foul",
      "team": "黑队",
      "player": "李陈超",
      "number": "9",
      "value": 1
    },
    {
      "timestamp": 1767618484560,
      "period": 4,
      "gameTime": 5819,
      "type": "score",
      "team": "红队",
      "player": "龙腾",
      "number": "16",
      "value": 1
    },
    {
      "timestamp": 1767618518424,
      "period": 4,
      "gameTime": 5852,
      "type": "score",
      "team": "黑队",
      "player": "晓涛",
      "number": "00",
      "value": 2
    },
    {
      "timestamp": 1767618548224,
      "period": 4,
      "gameTime": 5882,
      "type": "score",
      "team": "红队",
      "player": "龙腾",
      "number": "16",
      "value": 2
    },
    {
      "timestamp": 1767618583191,
      "period": 4,
      "gameTime": 5917,
      "type": "foul",
      "team": "红队",
      "player": "烟佬",
      "number": "4",
      "value": 1
    },
    {
      "timestamp": 1767618585892,
      "period": 4,
      "gameTime": 5920,
      "type": "sub-out",
      "team": "红队",
      "player": "龙腾",
      "number": "16",
      "value": null
    },
    {
      "timestamp": 1767618590725,
      "period": 4,
      "gameTime": 5925,
      "type": "sub-in",
      "team": "红队",
      "player": "爱文",
      "number": "5",
      "value": null
    },
    {
      "timestamp": 1767618593542,
      "period": 4,
      "gameTime": 5928,
      "type": "sub-out",
      "team": "红队",
      "player": "钲烨",
      "number": "77",
      "value": null
    },
    {
      "timestamp": 1767618595143,
      "period": 4,
      "gameTime": 5929,
      "type": "sub-in",
      "team": "红队",
      "player": "鹏东",
      "number": "22",
      "value": null
    },
    {
      "timestamp": 1767618615109,
      "period": 4,
      "gameTime": 5949,
      "type": "score",
      "team": "黑队",
      "player": "晓涛",
      "number": "00",
      "value": 1
    },
    {
      "timestamp": 1767618625991,
      "period": 4,
      "gameTime": 5960,
      "type": "foul",
      "team": "黑队",
      "player": "文灏",
      "number": "2",
      "value": 1
    },
    {
      "timestamp": 1767618628892,
      "period": 4,
      "gameTime": 5963,
      "type": "foul",
      "team": "黑队",
      "player": "文灏",
      "number": "2",
      "value": -1
    },
    {
      "timestamp": 1767618630808,
      "period": 4,
      "gameTime": 5965,
      "type": "foul",
      "team": "黑队",
      "player": "李陈超",
      "number": "9",
      "value": 1
    },
    {
      "timestamp": 1767618633742,
      "period": 4,
      "gameTime": 5968,
      "type": "foul",
      "team": "黑队",
      "player": "李陈超",
      "number": "9",
      "value": -1
    },
    {
      "timestamp": 1767618635025,
      "period": 4,
      "gameTime": 5969,
      "type": "foul",
      "team": "黑队",
      "player": "文灏",
      "number": "2",
      "value": 1
    },
    {
      "timestamp": 1767618649744,
      "period": 4,
      "gameTime": 5984,
      "type": "score",
      "team": "红队",
      "player": "🐶哥",
      "number": "96",
      "value": 1
    },
    {
      "timestamp": 1767618692042,
      "period": 4,
      "gameTime": 6026,
      "type": "score",
      "team": "红队",
      "player": "廖程",
      "number": "23",
      "value": 2
    },
    {
      "timestamp": 1767618730526,
      "period": 4,
      "gameTime": 6065,
      "type": "score",
      "team": "红队",
      "player": "烟佬",
      "number": "4",
      "value": 2
    },
    {
      "timestamp": 1767618738409,
      "period": 4,
      "gameTime": 6072,
      "type": "foul",
      "team": "黑队",
      "player": "祝程",
      "number": "10",
      "value": 1
    },
    {
      "timestamp": 1767618747227,
      "period": 4,
      "gameTime": 6081,
      "type": "sub-out",
      "team": "红队",
      "player": "廖程",
      "number": "23",
      "value": null
    },
    {
      "timestamp": 1767618750259,
      "period": 4,
      "gameTime": 0,
      "type": "game-pause",
      "team": "",
      "player": "比赛",
      "number": "",
      "value": null
    },
    {
      "timestamp": 1767618769810,
      "period": 4,
      "gameTime": 0,
      "type": "sub-in",
      "team": "红队",
      "player": "诗胜",
      "number": "6",
      "value": null
    },
    {
      "timestamp": 1767618775127,
      "period": 4,
      "gameTime": 6109,
      "type": "game-start",
      "team": "",
      "player": "比赛",
      "number": "",
      "value": null
    },
    {
      "timestamp": 1767618778310,
      "period": 4,
      "gameTime": 6112,
      "type": "sub-out",
      "team": "红队",
      "player": "诗胜",
      "number": "6",
      "value": null
    },
    {
      "timestamp": 1767618779512,
      "period": 4,
      "gameTime": 6113,
      "type": "sub-in",
      "team": "红队",
      "player": "张铖",
      "number": "34",
      "value": null
    },
    {
      "timestamp": 1767618803178,
      "period": 4,
      "gameTime": 6137,
      "type": "score",
      "team": "红队",
      "player": "烟佬",
      "number": "4",
      "value": 1
    },
    {
      "timestamp": 1767618840061,
      "period": 4,
      "gameTime": 6174,
      "type": "score",
      "team": "红队",
      "player": "鹏东",
      "number": "22",
      "value": 2
    },
    {
      "timestamp": 1767618855727,
      "period": 4,
      "gameTime": 6190,
      "type": "foul",
      "team": "黑队",
      "player": "屹剑",
      "number": "33",
      "value": 1
    },
    {
      "timestamp": 1767618966029,
      "period": 4,
      "gameTime": 6300,
      "type": "foul",
      "team": "红队",
      "player": "🐶哥",
      "number": "96",
      "value": 1
    },
    {
      "timestamp": 1767618983262,
      "period": 4,
      "gameTime": 6317,
      "type": "sub-out",
      "team": "黑队",
      "player": "屹剑",
      "number": "33",
      "value": null
    },
    {
      "timestamp": 1767618987897,
      "period": 4,
      "gameTime": 6322,
      "type": "sub-in",
      "team": "黑队",
      "player": "锐斌",
      "number": "20",
      "value": null
    },
    {
      "timestamp": 1767619002529,
      "period": 4,
      "gameTime": 6337,
      "type": "sub-out",
      "team": "黑队",
      "player": "文灏",
      "number": "2",
      "value": null
    },
    {
      "timestamp": 1767619003462,
      "period": 4,
      "gameTime": 6337,
      "type": "sub-in",
      "team": "黑队",
      "player": "庆敏",
      "number": "8",
      "value": null
    },
    {
      "timestamp": 1767619041863,
      "period": 4,
      "gameTime": 6376,
      "type": "score",
      "team": "黑队",
      "player": "庆敏",
      "number": "8",
      "value": 2
    },
    {
      "timestamp": 1767619066412,
      "period": 4,
      "gameTime": 6400,
      "type": "foul",
      "team": "黑队",
      "player": "祝程",
      "number": "10",
      "value": 1
    },
    {
      "timestamp": 1767619087580,
      "period": 4,
      "gameTime": 6422,
      "type": "score",
      "team": "红队",
      "player": "烟佬",
      "number": "4",
      "value": 1
    },
    {
      "timestamp": 1767619126297,
      "period": 4,
      "gameTime": 6460,
      "type": "sub-out",
      "team": "红队",
      "player": "张铖",
      "number": "34",
      "value": null
    },
    {
      "timestamp": 1767619127697,
      "period": 4,
      "gameTime": 6462,
      "type": "sub-in",
      "team": "红队",
      "player": "诗胜",
      "number": "6",
      "value": null
    },
    {
      "timestamp": 1767619204215,
      "period": 4,
      "gameTime": 6538,
      "type": "score",
      "team": "红队",
      "player": "诗胜",
      "number": "6",
      "value": 1
    },
    {
      "timestamp": 1767619231931,
      "period": 4,
      "gameTime": 6566,
      "type": "score",
      "team": "黑队",
      "player": "祝程",
      "number": "10",
      "value": 2
    },
    {
      "timestamp": 1767619240332,
      "period": 4,
      "gameTime": 6574,
      "type": "score",
      "team": "红队",
      "player": "爱文",
      "number": "5",
      "value": 2
    },
    {
      "timestamp": 1767619297382,
      "period": 4,
      "gameTime": 6631,
      "type": "score",
      "team": "红队",
      "player": "鹏东",
      "number": "22",
      "value": 2
    },
    {
      "timestamp": 1767619306482,
      "period": 4,
      "gameTime": 6640,
      "type": "score",
      "team": "黑队",
      "player": "晓涛",
      "number": "00",
      "value": 2
    },
    {
      "timestamp": 1767619331117,
      "period": 4,
      "gameTime": 6665,
      "type": "score",
      "team": "黑队",
      "player": "晓涛",
      "number": "00",
      "value": 2
    },
    {
      "timestamp": 1767619334199,
      "period": 4,
      "gameTime": 6668,
      "type": "foul",
      "team": "红队",
      "player": "鹏东",
      "number": "22",
      "value": 1
    },
    {
      "timestamp": 1767619403402,
      "period": 4,
      "gameTime": 6737,
      "type": "sub-out",
      "team": "红队",
      "player": "诗胜",
      "number": "6",
      "value": null
    },
    {
      "timestamp": 1767619405149,
      "period": 4,
      "gameTime": 6739,
      "type": "sub-in",
      "team": "红队",
      "player": "楚放",
      "number": "3",
      "value": null
    },
    {
      "timestamp": 1767619449184,
      "period": 4,
      "gameTime": 6783,
      "type": "score",
      "team": "黑队",
      "player": "庆敏",
      "number": "8",
      "value": 2
    },
    {
      "timestamp": 1767619482617,
      "period": 4,
      "gameTime": 6817,
      "type": "score",
      "team": "黑队",
      "player": "庆敏",
      "number": "8",
      "value": 2
    },
    {
      "timestamp": 1767619503185,
      "period": 4,
      "gameTime": 6837,
      "type": "foul",
      "team": "黑队",
      "player": "锐斌",
      "number": "20",
      "value": 1
    },
    {
      "timestamp": 1767619524034,
      "period": 4,
      "gameTime": 6858,
      "type": "score",
      "team": "红队",
      "player": "🐶哥",
      "number": "96",
      "value": 1
    },
    {
      "timestamp": 1767619538835,
      "period": 4,
      "gameTime": 6873,
      "type": "score",
      "team": "红队",
      "player": "🐶哥",
      "number": "96",
      "value": 1
    },
    {
      "timestamp": 1767619560519,
      "period": 4,
      "gameTime": 6895,
      "type": "score",
      "team": "黑队",
      "player": "祝程",
      "number": "10",
      "value": 3
    },
    {
      "timestamp": 1767619562334,
      "period": 4,
      "gameTime": 0,
      "type": "game-pause",
      "team": "",
      "player": "比赛",
      "number": "",
      "value": null
    },
    {
      "timestamp": 1767619751857,
      "period": 4,
      "gameTime": 0,
      "type": "player-remove",
      "team": "黑队",
      "player": "林铎",
      "number": "11",
      "value": null
    }
  ]
}